,speed,acceleration,stp,BinNo
0,0.0,0.0,0.0,1
1,0.0,0.0,0.0,1
2,0.0,0.0,0.0,1
3,0.0,0.0,0.0,1
4,0.0,0.0,0.0,1
5,0.0,0.0,0.0,1
6,0.0,0.0,0.0,1
7,0.0,0.0,0.0,1
8,0.0,0.0,0.0,1
9,0.0,0.0,0.0,1
10,0.0,0.0,0.0,1
11,0.0,0.0,0.0,1
12,0.0,0.0,0.0,1
13,0.0,0.0,0.0,1
14,0.0,0.0,0.0,1
15,0.0,0.0,0.0,1
16,0.0,0.0,0.0,1
17,0.0,0.0,0.0,1
18,0.0,0.0,0.0,1
19,0.0,0.0,0.0,1
20,0.0,0.0,0.0,1
21,0.0,0.0,0.0,1
22,0.0,0.0,0.0,1
23,0.0,0.0,0.0,1
24,0.0,0.0,0.0,1
25,0.19,0.19,0.020479895818442166,1
26,1.0,0.81,0.0,12
27,1.51,0.51,0.0,12
28,2.66,1.15,0.0,12
29,4.64,1.98,0.0,12
30,6.96,2.32,0.33544454617854225,12
31,8.86,1.9,0.6099956074408922,12
32,7.71,-1.15,0.0,12
33,7.45,-0.26,0.0,12
34,9.22,1.77,0.5376511563634793,12
35,10.0,0.78,2.2381910367449245,12
36,9.08,-0.92,0.0,12
37,10.08,1.0,2.6854749356038794,12
38,11.24,1.16,3.347692574523504,13
39,12.79,1.55,4.783396407853041,13
40,14.0,1.21,4.323440959235573,13
41,12.58,-1.42,0.0,12
42,12.87,0.29,0.0,12
43,13.0,0.13,0.0,12
44,13.0,0.0,0.0,12
45,13.68,0.68,2.819496575304173,12
46,15.0,1.32,4.959662318677564,13
47,15.0,0.0,0.0,12
48,13.37,-1.63,0.0,12
49,12.08,-1.29,0.0,12
50,12.26,0.18,0.0,12
51,14.29,2.03,6.68242717183052,14
52,14.56,0.27,0.0,12
53,15.2,0.64,3.027638643280898,13
54,16.76,1.56,6.337431396603122,14
55,17.0,0.24,0.0,12
56,17.0,0.0,0.0,12
57,17.23,0.23,0.0,12
58,18.77,1.54,7.049955253516145,14
59,20.54,1.77,8.655611697331384,14
60,19.6,-0.94,0.0,12
61,18.14,-1.46,0.0,12
62,17.98,-0.16,0.0,12
63,17.0,-0.98,0.0,12
64,16.34,-0.66,0.0,12
65,15.0,-1.34,0.0,12
66,15.0,0.0,0.0,12
67,15.0,0.0,0.0,12
68,15.96,0.96,4.174276123386225,13
69,12.35,-3.61,0.0,0
70,15.28,2.93,9.81458492487656,15
71,14.27,-1.01,0.0,12
72,12.59,-1.68,0.0,12
73,12.25,-0.34,0.0,12
74,9.28,-2.97,0.0,0
75,8.0,-1.28,0.0,12
76,8.0,0.0,0.0,12
77,8.38,0.38,0.0,12
78,9.53,1.15,0.0,12
79,10.69,1.16,3.18146568493221,13
80,11.0,0.31,0.0,12
81,9.0,-2.0,0.0,0
82,9.0,0.0,0.0,12
83,9.32,0.32,0.0,12
84,10.0,0.68,2.04470487148342,12
85,9.36,-0.64,0.0,12
86,9.0,-0.36,0.0,12
87,9.95,0.95,0.0,12
88,14.33,4.38,13.217183146863274,16
89,17.53,3.2,12.1998365863358,16
90,19.42,1.89,8.618252873441365,14
91,20.0,0.58,3.8148784522581805,13
92,20.74,0.74,4.609810949492545,13
93,21.0,0.26,2.721530633527153,12
94,21.11,0.11,0.0,12
95,23.84,2.73,14.539873046869136,16
96,27.0,3.16,18.79480114211013,28
97,27.0,0.0,0.0,22
98,29.05,2.05,14.045308834240254,27
99,32.52,3.47,24.78809516273917,29
100,31.01,-1.51,0.0,22
101,31.0,-0.01,2.7001099922691982,22
102,31.62,0.62,6.63147864844843,24
103,33.0,1.38,11.828679529506223,25
104,32.37,-0.63,0.0,22
105,30.43,-1.94,0.0,22
106,30.0,-0.43,0.0,22
107,30.0,0.0,2.636761002373003,22
108,30.51,0.51,5.709894673210049,23
109,32.41,1.9,14.85461859334042,27
110,33.0,0.59,6.7844952011388475,24
111,32.27,-0.73,0.0,22
112,32.0,-0.27,0.0,22
113,31.04,-0.96,0.0,22
114,32.2,1.16,10.139792571861435,25
115,33.36,1.16,10.552621119084861,25
116,34.0,0.64,7.361702560537111,24
117,34.0,0.0,3.1514436044467633,23
118,34.0,0.0,3.1514436044467633,23
119,33.01,-0.99,0.0,22
120,31.86,-1.15,0.0,22
121,30.1,-1.76,0.0,22
122,26.17,-3.93,0.0,0
123,23.39,-2.78,0.0,0
124,21.46,-1.93,0.0,0
125,17.28,-4.18,0.0,0
126,15.83,-1.45,0.0,0
127,13.76,-2.07,0.0,0
128,12.6,-1.16,0.0,0
129,10.33,-2.27,0.0,0
130,8.28,-2.05,0.0,0
131,5.38,-2.9,0.0,0
132,2.91,-2.47,0.0,0
133,0.0,-2.91,0.0,0
134,0.0,0.0,0.0,1
135,0.0,0.0,0.0,1
136,0.0,0.0,0.0,1
137,0.0,0.0,0.0,1
138,0.0,0.0,0.0,1
139,0.0,0.0,0.0,1
140,0.0,0.0,0.0,1
141,0.0,0.0,0.0,1
142,0.0,0.0,0.0,1
143,0.0,0.0,0.0,1
144,0.0,0.0,0.0,1
145,0.0,0.0,0.0,1
146,0.0,0.0,0.0,1
147,0.0,0.0,0.0,1
148,0.0,0.0,0.0,1
149,0.0,0.0,0.0,1
150,0.0,0.0,0.0,1
151,0.0,0.0,0.0,1
152,0.0,0.0,0.0,1
153,0.0,0.0,0.0,1
154,0.0,0.0,0.0,1
155,0.0,0.0,0.0,1
156,0.0,0.0,0.0,1
157,0.0,0.0,0.0,1
158,0.0,0.0,0.0,1
159,0.0,0.0,0.0,1
160,0.0,0.0,0.0,1
161,0.0,0.0,0.0,1
162,0.0,0.0,0.0,1
163,0.0,0.0,0.0,1
164,0.0,0.0,0.0,1
165,0.0,0.0,0.0,1
166,0.0,0.0,0.0,1
167,0.0,0.0,0.0,1
168,0.0,0.0,0.0,1
169,0.0,0.0,0.0,1
170,0.0,0.0,0.0,1
171,0.0,0.0,0.0,1
172,0.0,0.0,0.0,1
173,0.0,0.0,0.0,1
174,0.51,0.51,0.08655143498178879,1
175,0.33,-0.18,0.01194613480436695,1
176,0.0,-0.33,0.0,1
177,0.0,0.0,0.0,1
178,0.0,0.0,0.0,1
179,0.0,0.0,0.0,1
180,0.0,0.0,0.0,1
181,0.0,0.0,0.0,1
182,0.0,0.0,0.0,1
183,0.0,0.0,0.0,1
184,0.0,0.0,0.0,1
185,0.0,0.0,0.0,1
186,0.0,0.0,0.0,1
187,0.0,0.0,0.0,1
188,0.0,0.0,0.0,1
189,0.0,0.0,0.0,1
190,0.0,0.0,0.0,1
191,0.0,0.0,0.0,1
192,0.0,0.0,0.0,1
193,0.0,0.0,0.0,1
194,0.0,0.0,0.0,1
195,0.0,0.0,0.0,1
196,0.0,0.0,0.0,1
197,0.13,0.13,0.012503321432316554,1
198,0.71,0.58,0.13011268315145308,1
199,0.0,-0.71,0.0,1
200,0.0,0.0,0.0,1
201,0.0,0.0,0.0,1
202,0.0,0.0,0.0,1
203,4.15,4.15,3.6284122960274305,13
204,6.0,1.85,0.0,12
205,6.0,0.0,0.0,12
206,6.0,0.0,0.0,12
207,5.3,-0.7,0.0,12
208,4.14,-1.16,0.0,12
209,1.96,-2.18,0.0,0
210,0.0,-1.96,0.0,0
211,0.0,0.0,0.0,1
212,0.0,0.0,0.0,1
213,0.0,0.0,0.0,1
214,0.0,0.0,0.0,1
215,0.0,0.0,0.0,1
216,0.0,0.0,0.0,1
217,0.0,0.0,0.0,1
218,0.0,0.0,0.0,1
219,0.0,0.0,0.0,1
220,0.0,0.0,0.0,1
221,0.0,0.0,0.0,1
222,0.0,0.0,0.0,1
223,0.0,0.0,0.0,1
224,0.0,0.0,0.0,1
225,0.0,0.0,0.0,1
226,0.0,0.0,0.0,1
227,0.0,0.0,0.0,1
228,0.0,0.0,0.0,1
229,0.0,0.0,0.0,1
230,0.0,0.0,0.0,1
231,0.48,0.48,0.07867370616083082,1
232,1.64,1.16,0.0,12
233,0.41,-1.23,0.0,1
234,0.0,-0.41,0.0,1
235,0.0,0.0,0.0,1
236,0.0,0.0,0.0,1
237,0.0,0.0,0.0,1
238,0.0,0.0,0.0,1
239,0.0,0.0,0.0,1
240,0.0,0.0,0.0,1
241,0.0,0.0,0.0,1
242,0.0,0.0,0.0,1
243,0.0,0.0,0.0,1
244,0.0,0.0,0.0,1
245,0.0,0.0,0.0,1
246,0.0,0.0,0.0,1
247,0.0,0.0,0.0,1
248,0.0,0.0,0.0,1
249,0.0,0.0,0.0,1
250,0.0,0.0,0.0,1
251,0.0,0.0,0.0,1
252,0.0,0.0,0.0,1
253,0.0,0.0,0.0,1
254,0.0,0.0,0.0,1
255,0.0,0.0,0.0,1
256,0.0,0.0,0.0,1
257,0.0,0.0,0.0,1
258,0.0,0.0,0.0,1
259,0.0,0.0,0.0,1
260,0.0,0.0,0.0,1
261,0.0,0.0,0.0,1
262,0.0,0.0,0.0,1
263,0.0,0.0,0.0,1
264,0.0,0.0,0.0,1
265,0.0,0.0,0.0,1
266,0.0,0.0,0.0,1
267,0.0,0.0,0.0,1
268,0.0,0.0,0.0,1
269,0.0,0.0,0.0,1
270,0.0,0.0,0.0,1
271,0.0,0.0,0.0,1
272,0.0,0.0,0.0,1
273,0.0,0.0,0.0,1
274,0.0,0.0,0.0,1
275,0.0,0.0,0.0,1
276,0.0,0.0,0.0,1
277,0.0,0.0,0.0,1
278,0.0,0.0,0.0,1
279,0.0,0.0,0.0,1
280,0.0,0.0,0.0,1
281,0.0,0.0,0.0,1
282,0.0,0.0,0.0,1
283,0.0,0.0,0.0,1
284,0.0,0.0,0.0,1
285,0.0,0.0,0.0,1
286,0.0,0.0,0.0,1
287,0.0,0.0,0.0,1
288,0.0,0.0,0.0,1
289,0.0,0.0,0.0,1
290,0.0,0.0,0.0,1
291,0.0,0.0,0.0,1
292,0.0,0.0,0.0,1
293,0.0,0.0,0.0,1
294,0.0,0.0,0.0,1
295,0.0,0.0,0.0,1
296,0.0,0.0,0.0,1
297,0.0,0.0,0.0,1
298,0.0,0.0,0.0,1
299,0.0,0.0,0.0,1
300,0.24,0.24,0.028191272768885556,1
301,0.6,0.36,0.0844125860380862,1
302,0.0,-0.6,0.0,1
303,1.42,1.42,0.0,12
304,2.0,0.58,0.0,12
305,3.08,1.08,0.0,12
306,5.63,2.55,3.181004071962772,13
307,4.0,-1.63,0.0,12
308,4.0,0.0,0.0,12
309,3.34,-0.66,0.0,12
310,1.37,-1.97,0.0,12
311,1.0,-0.37,0.0,12
312,0.0,-1.0,0.0,1
313,0.0,0.0,0.0,1
314,0.0,0.0,0.0,1
315,0.0,0.0,0.8190419200777637,1
316,0.0,0.0,0.0,1
317,0.0,0.0,0.0,1
318,0.0,0.0,0.0,1
319,0.23,0.23,0.8454458193495377,1
320,1.39,1.16,0.0,12
321,2.0,0.61,1.1997039352302798,12
322,4.11,2.11,0.0,12
323,5.0,0.89,2.0654736843981407,12
324,6.02,1.02,2.4613716477778445,12
325,7.18,1.16,2.964715929098841,12
326,7.33,0.15,1.57176926639289,12
327,6.49,-0.84,1.57176926639289,12
328,7.0,0.51,2.014966641266576,12
329,7.0,0.0,0.0,12
330,7.0,0.0,1.3281493707881027,12
331,7.0,0.0,1.3229719595087732,12
332,7.0,0.0,0.0,12
333,7.43,0.43,1.9768795480452859,12
334,8.0,0.57,0.0,12
335,8.0,0.0,1.4190993767401383,12
336,7.09,-0.91,1.4190993767401383,12
337,11.06,3.97,10.137237927275942,15
338,12.89,1.83,6.345226901808317,14
339,14.49,1.6,6.392257053012121,14
340,11.46,-3.03,0.0,0
341,13.08,1.62,5.070849873660761,13
342,16.55,3.47,12.372049337619163,16
343,16.0,-0.55,0.0,12
344,15.34,-0.66,0.0,12
345,12.32,-3.02,0.0,0
346,13.0,0.68,2.6749262683806982,12
347,13.0,0.0,0.0,12
348,13.0,0.0,0.0,12
349,15.86,2.86,9.977687863743707,15
350,12.0,-3.86,0.0,0
351,11.73,-0.27,0.0,12
352,11.0,-0.73,0.0,12
353,11.0,0.0,0.0,12
354,11.0,0.0,0.0,12
355,11.9,0.9,2.949024943192135,12
356,12.89,0.99,3.424755703548687,13
357,10.36,-2.53,0.0,0
358,7.26,-3.1,0.0,0
359,4.95,-2.31,0.0,0
360,4.68,-0.27,0.0,12
361,6.68,2.0,0.0,12
362,8.0,1.32,0.0,12
363,7.84,-0.16,0.0,12
364,7.0,-0.84,0.0,12
365,6.53,-0.47,0.0,12
366,7.89,1.36,0.0,12
367,10.57,2.68,6.253873093560753,14
368,11.0,0.43,0.0,12
369,10.1,-0.9,0.0,12
370,10.74,0.64,2.9555374068178244,12
371,10.42,-0.32,0.9503865590405919,12
372,11.0,0.58,2.869666837586007,12
373,12.46,1.46,5.264839942183208,13
374,14.77,2.31,7.710931692461864,14
375,14.09,-0.68,7.710931692461864,14
376,16.2,2.11,7.8440376870212605,14
377,17.0,0.8,3.9309222354758746,13
378,17.0,0.0,0.0,12
379,17.0,0.0,2.1387416830800117,12
380,17.0,0.0,2.133442542845569,12
381,15.02,-1.98,2.133442542845569,12
382,15.71,0.69,4.109313585549567,13
383,14.0,-1.71,0.0,12
384,14.92,0.92,4.597767544436111,13
385,15.38,0.46,0.0,12
386,15.78,0.4,3.2694366963036545,13
387,16.0,0.22,2.742552767162986,12
388,16.0,0.0,2.0561071184493613,12
389,16.25,0.25,2.858225945558099,12
390,17.41,1.16,6.075341581056017,14
391,18.56,1.15,6.3948989893546875,14
392,19.0,0.44,3.917452446163111,13
393,19.88,0.88,4.944157773653936,13
394,21.0,1.12,6.215890778149925,14
395,21.0,0.0,2.485127843202002,12
396,21.0,0.0,0.0,12
397,20.49,-0.51,0.0,12
398,20.0,-0.49,0.0,12
399,19.18,-0.82,0.0,12
400,19.0,-0.18,1.641570611036594,12
401,18.86,-0.14,1.774464905357447,12
402,18.29,-0.57,0.0,12
403,19.0,0.71,4.08815888942413,13
404,19.61,0.61,0.5591655263548424,12
405,20.0,0.39,3.9479901598351814,13
406,20.0,0.0,2.433257577716694,12
407,20.0,0.0,2.4277629930796465,12
408,20.0,0.0,2.422313936487651,12
409,20.0,0.0,2.416910030696015,12
410,19.45,-0.55,2.416910030696015,12
411,20.42,0.97,6.2781696982246205,14
412,21.87,1.45,8.71562785832166,14
413,20.97,-0.9,8.71562785832166,14
414,20.37,-0.6,8.71562785832166,14
415,22.0,1.63,8.700528555287578,14
416,22.0,0.0,0.0,12
417,22.66,0.66,5.565438288309576,13
418,23.0,0.34,4.213569630378367,13
419,23.97,0.97,7.292916186478845,14
420,25.51,1.54,10.552507116949903,25
421,29.0,3.49,22.922682352043438,28
422,29.0,0.0,0.0,22
423,29.0,0.0,3.373510591186051,23
424,30.51,1.51,12.464419698223685,27
425,31.0,0.49,6.545008849216953,24
426,30.0,-1.0,6.545008849216953,24
427,30.0,0.0,3.471960475924206,23
428,30.0,0.0,3.466694743302528,23
429,30.54,0.54,6.718540999991632,24
430,31.0,0.46,6.338736229625371,24
431,31.86,0.86,8.170381424072403,24
432,31.0,-0.86,0.0,22
433,31.17,0.17,3.806664150140798,23
434,32.33,1.16,11.005173247106871,25
435,33.0,0.67,7.295298677429189,24
436,33.0,0.0,3.017319563497327,23
437,33.8,0.8,8.356182463412908,24
438,34.0,0.2,5.286340228581582,23
439,35.12,1.12,10.916868748856228,25
440,36.0,0.88,9.560914828931,25
441,36.0,0.0,3.4312731134465153,23
442,34.82,-1.18,3.4312731134465153,23
443,33.25,-1.57,0.0,22
444,32.09,-1.16,0.0,0
445,32.0,-0.09,0.0,22
446,32.0,0.0,2.8869060768617643,22
447,32.0,0.0,3.7060703502066117,23
448,32.0,0.0,2.8869060768617643,22
449,32.0,0.0,2.8869060768617643,22
450,32.85,0.85,8.40014118995676,24
451,33.01,0.16,4.859554340559144,23
452,34.0,0.99,9.664187927149008,25
453,33.68,-0.32,0.0,22
454,32.52,-1.16,0.0,22
455,32.0,-0.52,0.0,22
456,32.0,0.0,3.7087070655692425,23
457,32.95,0.95,9.067312386265002,25
458,33.0,0.05,3.3365717361787905,23
459,33.0,0.0,3.8372752743488014,23
460,33.42,0.42,5.789042442806433,23
461,34.0,0.58,6.966990783403613,24
462,34.74,0.74,8.22721530747447,24
463,35.0,0.26,5.869895185131011,23
464,35.0,0.0,3.2893906407498883,23
465,35.0,0.0,3.2893906407498883,23
466,35.0,0.0,3.2893906407498883,23
467,35.0,0.0,4.10899726318879,23
468,35.0,0.0,3.2893906407498883,23
469,35.84,0.84,9.233319919016274,25
470,37.99,2.15,19.529432012028725,28
471,38.0,0.01,4.620253119609056,23
472,37.69,-0.31,0.0,22
473,38.41,0.72,9.977824637632255,25
474,39.37,0.96,12.084312328845018,27
475,39.0,-0.37,1.916002942036123,22
476,39.0,0.0,4.702815894556511,23
477,38.1,-0.9,0.0,22
478,39.0,0.9,10.673021960974378,25
479,39.41,0.41,7.891894904505165,24
480,40.57,1.16,13.238589286291003,27
481,41.73,1.16,13.691772987694735,27
482,42.0,0.27,6.565641926184926,24
483,41.92,-0.08,4.5281811927966205,23
484,40.0,-1.92,0.0,22
485,40.0,0.0,4.040406188964337,23
486,39.49,-0.51,0.0,22
487,37.66,-1.83,0.0,22
488,37.0,-0.66,0.0,22
489,36.01,-0.99,0.0,22
490,34.86,-1.15,0.0,22
491,33.7,-1.16,0.0,22
492,32.54,-1.16,0.0,0
493,29.54,-3.0,0.0,0
494,26.46,-3.08,0.0,0
495,22.28,-4.18,0.0,0
496,19.91,-2.37,0.0,0
497,18.76,-1.15,0.0,0
498,17.6,-1.16,0.0,0
499,16.44,-1.16,0.0,0
500,14.57,-1.87,0.0,0
501,13.13,-1.44,0.0,0
502,11.97,-1.16,0.0,0
503,10.81,-1.16,0.0,0
504,9.31,-1.5,0.0,0
505,7.5,-1.81,0.0,0
506,6.34,-1.16,0.0,0
507,4.37,-1.97,0.0,0
508,3.03,-1.34,0.0,0
509,1.87,-1.16,0.0,0
510,0.71,-1.16,0.0,0
511,0.0,-0.71,0.0,1
512,0.0,0.0,0.0,1
513,0.0,0.0,0.0,1
514,0.0,0.0,0.0,1
515,0.0,0.0,0.0,1
516,0.0,0.0,0.0,1
517,0.0,0.0,0.0,1
518,0.0,0.0,0.0,1
519,0.0,0.0,0.0,1
520,0.0,0.0,0.0,1
521,0.0,0.0,0.0,1
522,0.0,0.0,0.0,1
523,0.0,0.0,0.0,1
524,0.0,0.0,0.0,1
525,0.0,0.0,0.0,1
526,0.0,0.0,0.0,1
527,0.0,0.0,0.0,1
528,0.0,0.0,0.0,1
529,0.0,0.0,0.0,1
530,0.0,0.0,0.0,1
531,0.0,0.0,0.0,1
532,0.0,0.0,0.0,1
533,0.0,0.0,0.0,1
534,0.0,0.0,0.0,1
535,0.0,0.0,0.0,1
536,0.0,0.0,0.0,1
537,0.0,0.0,0.0,1
538,0.0,0.0,0.0,1
539,0.0,0.0,0.0,1
540,0.0,0.0,0.0,1
541,0.0,0.0,0.0,1
542,0.0,0.0,0.0,1
543,0.0,0.0,0.0,1
544,2.36,2.36,0.0,12
545,3.94,1.58,0.0,12
546,5.31,1.37,0.0,12
547,8.26,2.95,5.311912348200323,13
548,9.42,1.16,0.0,12
549,11.15,1.73,4.550167469199473,13
550,12.73,1.58,4.834483785931388,13
551,14.78,2.05,6.9727055755379155,14
552,16.05,1.27,5.161372206189105,13
553,17.41,1.36,5.916742546640752,13
554,19.72,2.31,10.358256717093154,15
555,21.52,1.8,9.210124092281562,15
556,23.35,1.83,10.164794945568058,15
557,24.83,1.48,9.160761837202928,15
558,25.99,1.16,8.008258240845702,24
559,27.15,1.16,8.397050623426209,24
560,28.31,1.16,8.789950819011853,24
561,29.46,1.15,9.126690514980389,25
562,30.62,1.16,9.585294698994193,25
563,31.78,1.16,9.991530685028405,25
564,32.94,1.16,10.402575006138242,25
565,34.18,1.24,11.376551509497126,25
566,36.25,2.07,17.98608994605168,27
567,37.41,1.16,12.034679288526927,27
568,38.56,1.15,12.393154556885944,27
569,39.72,1.16,12.910421808185614,27
570,40.0,0.28,6.20745123989318,24
571,40.0,0.0,4.040406188964337,23
572,40.0,0.0,4.040406188964337,23
573,40.0,0.0,4.040406188964337,23
574,40.0,0.0,4.040406188964337,23
575,40.0,0.0,4.040406188964337,23
576,40.82,0.82,10.650377488518053,25
577,41.0,0.18,5.631580358855636,23
578,41.0,0.0,4.203652459225692,23
579,41.3,0.3,6.650813777940127,24
580,42.0,0.7,10.06000207080765,25
581,42.0,0.0,4.371508812119435,23
582,42.0,0.0,4.371508812119435,23
583,42.93,0.93,12.256766894057716,27
584,43.0,0.07,5.1264810461225085,23
585,43.0,0.0,4.544087688685382,23
586,43.0,0.0,4.544087688685382,23
587,43.56,0.56,9.362660689648768,25
588,44.71,1.15,14.798843497891609,27
589,45.0,0.29,7.428857233655798,24
590,44.97,-0.03,4.637286694956329,23
591,44.18,-0.79,0.0,22
592,44.66,0.48,8.989022100765915,24
593,44.0,-0.66,0.0,22
594,44.0,0.0,4.721501529963346,23
595,44.81,0.81,11.891621419889065,25
596,45.0,0.19,6.558169489979011,24
597,45.0,0.0,4.903862776993142,23
598,45.0,0.0,4.903862776993142,23
599,45.44,0.44,8.854183029608908,24
600,46.0,0.56,10.075487487950923,25
601,46.0,0.0,5.091283870814583,23
602,46.92,0.92,13.620377997675973,27
603,47.0,0.08,6.0113852338506994,24
604,47.0,0.0,5.2838772524674855,23
605,47.0,0.0,5.2838772524674855,23
606,47.0,0.0,5.2838772524674855,23
607,47.0,0.0,5.2838772524674855,23
608,47.0,0.0,5.2838772524674855,23
609,47.04,0.04,5.655753730242589,23
610,49.0,1.96,24.26744195514184,29
611,49.33,0.33,8.903056994977668,24
612,49.51,0.18,7.515125448137352,24
613,49.0,-0.51,0.8498113735419568,22
614,49.0,0.0,5.685030643426929,23
615,49.0,0.0,5.685030643426929,23
616,49.0,0.0,5.685030643426929,23
617,48.72,-0.28,2.9881021599541127,22
618,48.87,0.15,7.07664601797085,24
619,50.0,1.13,16.82578387208818,37
620,50.0,0.0,5.8938155348131,33
621,50.0,0.0,5.8938155348131,33
622,50.0,0.0,5.8938155348131,33
623,49.78,-0.22,3.72842132246218,23
624,49.0,-0.78,0.0,22
625,49.0,0.0,5.685030643426929,23
626,49.69,0.69,12.462382201960615,27
627,50.0,0.31,8.89285109636651,35
628,50.0,0.0,5.8938155348131,33
629,50.0,0.0,5.8938155348131,33
630,49.68,-0.32,2.7504324122290535,22
631,49.0,-0.68,0.0,22
632,49.0,0.0,5.685030643426929,23
633,48.2,-0.8,0.0,22
634,48.0,-0.2,3.624288176481258,23
635,48.0,0.0,5.481755362991664,23
636,48.27,0.27,8.05778894986711,24
637,49.0,0.73,12.606030774830945,27
638,49.58,0.58,11.369413159675165,25
639,50.0,0.42,9.957025005304759,35
640,50.0,0.0,5.8938155348131,33
641,50.0,0.0,5.8938155348131,33
642,50.0,0.0,5.8938155348131,33
643,50.0,0.0,5.8938155348131,33
644,50.0,0.0,5.8938155348131,33
645,50.0,0.0,5.8938155348131,33
646,50.0,0.0,5.8938155348131,33
647,50.0,0.0,5.8938155348131,33
648,50.0,0.0,5.8938155348131,33
649,50.0,0.0,5.8938155348131,33
650,50.47,0.47,10.583545686955894,35
651,51.0,0.53,11.338153525208494,35
652,51.0,0.0,6.108222478189986,35
653,51.0,0.0,6.108222478189986,35
654,51.0,0.0,6.108222478189986,35
655,51.0,0.0,6.108222478189986,35
656,51.42,0.42,10.3785815572327,35
657,52.0,0.58,12.163906658884432,37
658,52.0,0.0,6.328363914597407,35
659,52.0,0.0,6.328363914597407,35
660,52.0,0.0,6.328363914597407,35
661,52.2,0.2,8.393085801184125,35
662,53.0,0.8,14.758165692162962,37
663,53.0,0.0,6.554352285075173,35
664,53.0,0.0,6.554352285075173,35
665,53.0,0.0,6.554352285075173,35
666,53.0,0.0,6.554352285075173,35
667,53.0,0.0,6.554352285075173,35
668,53.0,0.0,6.554352285075173,35
669,53.0,0.0,6.554352285075173,35
670,52.38,-0.62,0.1299653250239432,33
671,52.0,-0.38,2.5050772890300665,33
672,52.93,0.93,16.062677563247135,37
673,52.91,-0.02,6.329023908195712,35
674,52.25,-0.66,0.0,33
675,53.0,0.75,14.245427354219963,37
676,53.0,0.0,6.554352285075173,35
677,53.0,0.0,6.554352285075173,35
678,53.0,0.0,6.554352285075173,35
679,53.0,0.0,6.554352285075173,35
680,53.0,0.0,6.554352285075173,35
681,53.0,0.0,6.554352285075173,35
682,53.0,0.0,6.554352285075173,35
683,53.0,0.0,6.554352285075173,35
684,53.0,0.0,6.554352285075173,35
685,53.98,0.98,17.017097483406275,37
686,55.0,1.02,17.87889346357143,37
687,55.0,0.0,7.024319592401003,35
688,55.0,0.0,7.024319592401003,35
689,55.0,0.0,7.024319592401003,35
690,55.0,0.0,7.024319592401003,35
691,55.0,0.0,7.024319592401003,35
692,55.0,0.0,7.024319592401003,35
693,55.0,0.0,7.024319592401003,35
694,55.0,0.0,7.024319592401003,35
695,55.0,0.0,7.024319592401003,35
696,55.0,0.0,7.843495546178364,35
697,55.0,0.0,7.024319592401003,35
698,55.0,0.0,7.024319592401003,35
699,55.0,0.0,7.024319592401003,35
700,55.0,0.0,7.843326736883649,35
701,54.5,-0.5,1.632045803572297,33
702,54.66,0.16,8.634857309759568,35
703,55.0,0.34,10.642510882791175,35
704,54.03,-0.97,-2.5282443389764206,33
705,54.0,-0.03,6.47285244293944,35
706,54.0,0.0,6.786300030663099,35
707,54.0,0.0,6.786300030663099,35
708,54.0,0.0,6.786300030663099,35
709,54.0,0.0,7.606628458781686,35
710,54.0,0.0,6.786300030663099,35
711,54.0,0.0,6.786300030663099,35
712,54.0,0.0,6.786300030663099,35
713,54.77,0.77,15.949054327851123,37
714,56.0,1.23,20.595850474541145,38
715,56.0,0.0,7.268523411328696,35
716,56.0,0.0,7.268523411328696,35
717,56.02,0.02,8.310226427571235,35
718,57.0,0.98,18.327161119993598,38
719,56.67,-0.33,3.817251613097596,33
720,56.0,-0.67,0.008922490717005793,33
721,56.0,0.0,8.088321184794628,35
722,56.0,0.0,7.268523411328696,35
723,56.0,0.0,7.268523411328696,35
724,56.0,0.0,7.268523411328696,35
725,56.0,0.0,8.088147223111395,35
726,56.0,0.0,7.268523411328696,35
727,56.0,0.0,7.268523411328696,35
728,56.0,0.0,7.268523411328696,35
729,56.91,0.91,18.33595026736539,38
730,57.0,0.09,8.511607956277492,35
731,57.0,0.0,7.519023928485991,35
732,57.0,0.0,7.519023928485991,35
733,57.0,0.0,8.338304129290057,35
734,57.0,0.0,7.519023928485991,35
735,57.85,0.85,17.251182594803232,37
736,58.0,0.15,9.459263222687827,35
737,58.0,0.0,8.595044112632774,35
738,58.0,0.0,7.775933584912706,35
739,58.0,0.0,7.775933584912706,35
740,58.0,0.0,7.775933584912706,35
741,58.0,0.0,8.594875845457377,35
742,58.0,0.0,7.775933584912706,35
743,58.0,0.0,7.775933584912706,35
744,58.0,0.0,7.775933584912706,35
745,57.15,-0.85,-1.0231497588185399,33
746,56.0,-1.15,0.0,33
747,56.0,0.0,7.268523411328696,35
748,56.0,0.0,7.268523411328696,35
749,56.0,0.0,7.268523411328696,35
750,56.0,0.0,8.088788026309196,35
751,55.63,-0.37,3.1948950145708634,33
752,55.0,-0.63,0.3200239660898072,33
753,55.0,0.0,7.024319592401003,35
754,55.0,0.0,7.844406377456553,35
755,55.0,0.0,7.024319592401003,35
756,55.0,0.0,7.024319592401003,35
757,55.0,0.0,7.024319592401003,35
758,55.0,0.0,7.844230021027669,35
759,55.0,0.0,7.024319592401003,35
760,54.22,-0.78,0.0,33
761,54.0,-0.22,4.487684387356481,33
762,54.0,0.0,7.606035564147576,35
763,54.0,0.0,6.786300030663099,35
764,54.0,0.0,6.786300030663099,35
765,54.0,0.0,6.786300030663099,35
766,54.0,0.0,7.605862118183887,35
767,54.0,0.0,6.786300030663099,35
768,54.0,0.0,6.786300030663099,35
769,54.0,0.0,6.786300030663099,35
770,54.0,0.0,7.605690109390823,35
771,54.0,0.0,6.786300030663099,35
772,54.0,0.0,6.786300030663099,35
773,54.0,0.0,6.786300030663099,35
774,53.01,-0.99,-2.7782730328691385,33
775,50.86,-2.15,0.0,0
776,49.7,-1.16,0.0,22
777,48.54,-1.16,0.0,0
778,47.39,-1.15,0.0,0
779,46.23,-1.16,0.0,0
780,45.07,-1.16,0.0,0
781,43.91,-1.16,0.0,0
782,42.51,-1.4,0.0,0
783,40.6,-1.91,0.0,0
784,39.44,-1.16,0.0,0
785,38.28,-1.16,0.0,0
786,37.13,-1.15,0.0,0
787,35.94,-1.19,0.0,0
788,33.81,-2.13,0.0,0
789,32.66,-1.15,0.0,0
790,30.5,-2.16,0.0,0
791,28.34,-2.16,0.0,0
792,26.37,-1.97,0.0,0
793,25.03,-1.34,0.0,0
794,21.87,-3.16,0.0,0
795,19.85,-2.02,0.0,0
796,16.56,-3.29,0.0,0
797,15.4,-1.16,0.0,0
798,14.24,-1.16,0.0,0
799,12.17,-2.07,0.0,0
800,10.71,-1.46,0.0,0
801,6.08,-4.63,0.0,0
802,2.61,-3.47,0.0,0
803,1.45,-1.16,0.0,0
804,0.3,-1.15,0.0,0
805,0.0,-0.3,0.0,1
806,0.0,0.0,0.0,1
807,0.0,0.0,0.0,1
808,0.0,0.0,0.0,1
809,0.0,0.0,0.0,1
810,0.0,0.0,0.0,1
811,0.0,0.0,0.0,1
812,0.0,0.0,0.0,1
813,0.0,0.0,0.0,1
814,0.0,0.0,0.0,1
815,0.0,0.0,0.0,1
816,0.0,0.0,0.0,1
817,0.0,0.0,0.0,1
818,0.0,0.0,0.0,1
819,0.0,0.0,0.0,1
820,0.0,0.0,0.0,1
821,0.0,0.0,0.0,1
822,0.0,0.0,0.0,1
823,0.0,0.0,0.0,1
824,0.0,0.0,0.0,1
825,0.0,0.0,0.0,1
826,0.0,0.0,0.0,1
827,0.0,0.0,0.0,1
828,0.0,0.0,0.0,1
829,0.0,0.0,0.0,1
830,0.0,0.0,0.0,1
831,0.19,0.19,0.020479895818442166,1
832,1.0,0.81,0.0,12
833,1.51,0.51,0.0,12
834,2.66,1.15,0.0,12
835,4.64,1.98,0.0,12
836,6.96,2.32,0.33544454617854225,12
837,8.86,1.9,0.6099956074408922,12
838,7.71,-1.15,0.0,12
839,7.45,-0.26,0.0,12
840,9.22,1.77,0.5376511563634793,12
841,10.0,0.78,2.2381910367449245,12
842,9.08,-0.92,0.0,12
843,10.08,1.0,2.6854749356038794,12
844,11.24,1.16,3.347692574523504,13
845,12.79,1.55,4.783396407853041,13
846,14.0,1.21,4.323440959235573,13
847,12.58,-1.42,0.0,12
848,12.87,0.29,0.0,12
849,13.0,0.13,0.0,12
850,13.0,0.0,0.0,12
851,13.68,0.68,2.819496575304173,12
852,15.0,1.32,4.959662318677564,13
853,15.0,0.0,0.0,12
854,13.37,-1.63,0.0,12
855,12.03,-1.34,0.0,12
856,12.26,0.23,0.0,12
857,14.29,2.03,6.68242717183052,14
858,14.56,0.27,0.0,12
859,15.2,0.64,3.027638643280898,13
860,16.76,1.56,6.337431396603122,14
861,17.0,0.24,0.0,12
862,17.0,0.0,0.0,12
863,17.23,0.23,0.0,12
864,18.77,1.54,7.049955253516145,14
865,20.54,1.77,8.655611697331384,14
866,19.6,-0.94,0.0,12
867,18.14,-1.46,0.0,12
868,17.98,-0.16,0.0,12
869,17.0,-0.98,0.0,12
870,16.34,-0.66,0.0,12
871,15.0,-1.34,0.0,12
872,15.0,0.0,0.0,12
873,15.0,0.0,0.0,12
874,15.96,0.96,4.174276123386225,13
875,12.35,-3.61,0.0,0
876,15.28,2.93,9.81458492487656,15
877,14.27,-1.01,0.0,12
878,12.59,-1.68,0.0,12
879,12.25,-0.34,0.0,12
880,9.28,-2.97,0.0,0
881,8.0,-1.28,0.0,12
882,8.0,0.0,0.0,12
883,8.38,0.38,0.0,12
884,9.53,1.15,0.0,12
885,10.69,1.16,3.18146568493221,13
886,11.0,0.31,0.0,12
887,9.0,-2.0,0.0,0
888,9.0,0.0,0.0,12
889,9.32,0.32,0.0,12
890,10.0,0.68,2.04470487148342,12
891,9.36,-0.64,0.0,12
892,9.0,-0.36,0.0,12
893,9.95,0.95,0.0,12
894,14.33,4.38,13.217183146863274,16
895,17.53,3.2,12.1998365863358,16
896,19.42,1.89,8.618252873441365,14
897,20.0,0.58,3.8148784522581805,13
898,20.74,0.74,4.609810949492545,13
899,21.0,0.26,2.721530633527153,12
900,21.11,0.11,0.0,12
901,23.84,2.73,14.539873046869136,16
902,27.0,3.16,18.79480114211013,28
903,27.0,0.0,0.0,22
904,29.05,2.05,14.045308834240254,27
905,32.52,3.47,24.78809516273917,29
906,31.01,-1.51,0.0,22
907,31.0,-0.01,2.7001099922691982,22
908,31.62,0.62,6.63147864844843,24
909,33.0,1.38,11.828679529506223,25
910,32.37,-0.63,0.0,22
911,30.43,-1.94,0.0,22
912,30.0,-0.43,0.0,22
913,30.0,0.0,2.636761002373003,22
914,30.51,0.51,5.709894673210049,23
915,32.41,1.9,14.85461859334042,27
916,33.0,0.59,6.7844952011388475,24
917,32.27,-0.73,0.0,22
918,32.0,-0.27,0.0,22
919,31.04,-0.96,0.0,22
920,32.2,1.16,10.139792571861435,25
921,33.36,1.16,10.552621119084861,25
922,34.0,0.64,7.361702560537111,24
923,34.0,0.0,3.1514436044467633,23
924,34.0,0.0,3.1514436044467633,23
925,33.01,-0.99,0.0,22
926,31.86,-1.15,0.0,22
927,30.1,-1.76,0.0,22
928,26.17,-3.93,0.0,0
929,23.39,-2.78,0.0,0
930,21.46,-1.93,0.0,0
931,17.28,-4.18,0.0,0
932,15.83,-1.45,0.0,0
933,13.76,-2.07,0.0,0
934,12.6,-1.16,0.0,0
935,10.33,-2.27,0.0,0
936,8.28,-2.05,0.0,0
937,5.38,-2.9,0.0,0
938,2.91,-2.47,0.0,0
939,0.0,-2.91,0.0,0
940,0.0,0.0,0.0,1
941,0.0,0.0,0.0,1
942,0.0,0.0,0.0,1
943,0.0,0.0,0.0,1
944,0.0,0.0,0.0,1
945,0.0,0.0,0.0,1
946,0.0,0.0,0.0,1
947,0.0,0.0,0.0,1
948,0.0,0.0,0.0,1
949,0.0,0.0,0.0,1
950,0.0,0.0,0.0,1
951,0.0,0.0,0.0,1
952,0.0,0.0,0.0,1
953,0.0,0.0,0.0,1
954,0.0,0.0,0.0,1
955,0.0,0.0,0.0,1
956,0.0,0.0,0.0,1
957,0.0,0.0,0.0,1
958,0.0,0.0,0.0,1
959,0.0,0.0,0.0,1
960,0.0,0.0,0.0,1
961,0.0,0.0,0.0,1
962,0.0,0.0,0.0,1
963,0.0,0.0,0.0,1
964,0.0,0.0,0.0,1
965,0.0,0.0,0.0,1
966,0.0,0.0,0.0,1
967,0.0,0.0,0.0,1
968,0.0,0.0,0.0,1
969,0.0,0.0,0.0,1
970,0.0,0.0,0.0,1
971,0.0,0.0,0.0,1
972,0.0,0.0,0.0,1
973,0.0,0.0,0.0,1
974,0.0,0.0,0.0,1
975,0.0,0.0,0.0,1
976,0.0,0.0,0.0,1
977,0.0,0.0,0.0,1
978,0.0,0.0,0.0,1
979,0.0,0.0,0.0,1
980,0.51,0.51,0.08655143498178879,1
981,0.33,-0.18,0.01194613480436695,1
982,0.0,-0.33,0.0,1
983,0.0,0.0,0.0,1
984,0.0,0.0,0.0,1
985,0.0,0.0,0.0,1
986,0.0,0.0,0.0,1
987,0.0,0.0,0.0,1
988,0.0,0.0,0.0,1
989,0.0,0.0,0.0,1
990,0.0,0.0,0.0,1
991,0.0,0.0,0.0,1
992,0.0,0.0,0.0,1
993,0.0,0.0,0.0,1
994,0.0,0.0,0.0,1
995,0.0,0.0,0.0,1
996,0.0,0.0,0.0,1
997,0.0,0.0,0.0,1
998,0.0,0.0,0.0,1
999,0.0,0.0,0.0,1
1000,0.0,0.0,0.0,1
1001,0.0,0.0,0.0,1
1002,0.0,0.0,0.0,1
1003,0.13,0.13,0.012503321432316554,1
1004,0.71,0.58,0.13011268315145308,1
1005,0.0,-0.71,0.0,1
1006,0.0,0.0,0.0,1
1007,0.0,0.0,0.0,1
1008,0.0,0.0,0.0,1
1009,4.15,4.15,3.6284122960274305,13
1010,6.0,1.85,0.0,12
1011,6.0,0.0,0.0,12
1012,6.0,0.0,0.0,12
1013,5.3,-0.7,0.0,12
1014,4.14,-1.16,0.0,12
1015,1.96,-2.18,0.0,0
1016,0.0,-1.96,0.0,0
1017,0.0,0.0,0.0,1
1018,0.0,0.0,0.0,1
1019,0.0,0.0,0.0,1
1020,0.0,0.0,0.0,1
1021,0.0,0.0,0.0,1
1022,0.0,0.0,0.0,1
1023,0.0,0.0,0.0,1
1024,0.0,0.0,0.0,1
1025,0.0,0.0,0.0,1
1026,0.0,0.0,0.0,1
1027,0.0,0.0,0.0,1
1028,0.0,0.0,0.0,1
1029,0.0,0.0,0.0,1
1030,0.0,0.0,0.0,1
1031,0.0,0.0,0.0,1
1032,0.0,0.0,0.0,1
1033,0.0,0.0,0.0,1
1034,0.0,0.0,0.0,1
1035,0.0,0.0,0.0,1
1036,0.0,0.0,0.0,1
1037,0.48,0.48,0.07867370616083082,1
1038,1.64,1.16,0.0,12
1039,0.41,-1.23,0.0,1
1040,0.0,-0.41,0.0,1
1041,0.0,0.0,0.0,1
1042,0.0,0.0,0.0,1
1043,0.0,0.0,0.0,1
1044,0.0,0.0,0.0,1
1045,0.0,0.0,0.0,1
1046,0.0,0.0,0.0,1
1047,0.0,0.0,0.0,1
1048,0.0,0.0,0.0,1
1049,0.0,0.0,0.0,1
1050,0.0,0.0,0.0,1
1051,0.0,0.0,0.0,1
1052,0.0,0.0,0.0,1
1053,0.0,0.0,0.0,1
1054,0.0,0.0,0.0,1
1055,0.0,0.0,0.0,1
1056,0.0,0.0,0.0,1
1057,0.0,0.0,0.0,1
1058,0.0,0.0,0.0,1
1059,0.0,0.0,0.0,1
1060,0.0,0.0,0.0,1
