HD-UDDS	OCTA	Manhattan	NYBC	NYCC	WMATA	Paris	ETC-Urban	SF	KCMC	Beeline	CSHVC	CBD (SAE)	WVU-5PEAK
0	0	0	0	0	0	0	0	0	0	0	0	0	0
0	0	0	0	0	0	0	0	0	0	0	0	0.2	0
0	0	0	0	0	0	0	0	0	0	0	0	2.5	0
0	0	0	0	0	0	0	0	0	0	0	0	4.8	0
0	0	0	0	0	0	0	0	0	0	0	0	7	0
0	0	0	0	0	0	0	0	0	0	0	0	9	0
0	0	0	0	0	0	0	0	0	0	0	0	11.1	0
0	0	0	0	0	0	0	0	0	0	0	0	13	0
0	0	0	0	0	0	0	0	0	0	0	0	14.9	0
0	0	0	0	0.42	0	0	0	0	0	0	0	16.7	0
0	0	0	0	0.43	0	0	0	0	0	0	0	18.4	0
0	0	0.3	0	0	0	0	0	0	0	0	0	20	0
0	0	0.6	0	0	0	0	0	0	0	0	0	20	0
0	0	2.8	0	0	0	0	0	0	0	0	0	20	0
0	0	4.9	0	0	0	0	0	0	0	0	0	20	1
0	0	7.1	0	0	0.4	0	0	0	0	0	0	20	2
0	0	11.7	0	0	0.9	0	0.3	0	0	0	0	20	3
0	0	13.4	0	0	1.5	0	0.6	0	0	0	0	20	4
0	0	14.9	0	0	1.6	3.5	1.2	0	0	0	0	20	4
0	0	17.7	0	0	1.7	5.7	2.4	0	0	0	0	20	5
0	0	20.1	0	0	1.8	5.8	4	0	0	0	0	20	6
0	0.24	20.6	0	0	1.9	6.3	5.7	0	0	0	0	20	7
0	1.25	20.9	0	0	2.1	7	7.1	0	0	0	0	20	8
0	3.56	21.4	0	0	2.3	7.2	8.4	0	0	0	0	20	9
0	6.2	23.5	0	0	2.6	6.9	9.4	0	0	0	0	20	9
0.19	8.81	24	0	0	3.2	6.5	10.2	0	0	0	0	20	10
1	11.4	24.3	0	0	4.1	7.7	10.9	0	0	0	0	20	11
1.51	13.74	23.9	0	0	5.5	8.4	11.4	0	0	0	0	20	12
2.66	15.89	23.5	0	0	7.2	7.8	12.1	0	0	0	0	20	13
4.64	17.26	22	0	0	9	7.6	13.2	0	0	0	0	20	13
6.96	18.15	19.4	0	0	10.5	7.8	14.5	0	0	0	0	16.2	14
8.86	19.06	17.1	0	0	11.6	8	15.8	4.3516	1.1	0.4	0	11.8	15
7.71	19.94	14.7	0	0	12.1	8.5	17.2	2.168	2.2	1	0	7.3	16
7.45	20.59	10.1	0	0	11.8	8.3	18.4	0	3.3	1.6	0	2.9	16
9.22	20.59	6.4	0	0	10.6	8	19.3	1.1816	4.5	2.5	0	0	17
10	20.08	4.7	0	0	8.6	7.3	20	2.3789	5.6	3.7	0	0	18
9.08	19.44	3.3	4.3	0	6.5	6.9	20.2	4.0586	6.7	5	0	0	19
10.08	18.7	2.2	9.1	0	4.4	4.5	20.3	5.7383	7.8	6.8	0	0	19
11.24	17.82	1.1	10.7	0	3	1.1	20.2	6.8242	9	9.1	0	0	20
12.79	16.92	0.1	10.6	0	2.4	0.6	20	7.9102	10.1	11.5	0	0	20
14	15.99	0	10.2	0	2.4	0	19.7	7.8965	11.2	13.6	0	0	20
12.58	15.15	0	9.7	0	2.7	0	19.2	7.8828	12.3	14.6	0	1.1	20
12.87	14.27	0	9.1	0	3.1	0	18.4	9.6895	13.5	14.8	0	3.4	20
13	13.39	0	9.2	0	3.2	0	17.1	11.4961	14.6	13.3	0	5.7	20
13	12.46	0	10.6	0	3.2	0	15.2	13.3594	15.7	10.8	0	7.8	20
13.68	11.58	0	12.4	0	3	0	12.8	15.2227	16.8	7.9	0	9.9	20
15	10.72	0	11.5	0	2.7	0	10	15.8614	18	5	0	11.9	20
15	9.87	0	8.2	0	2.3	0	7	16.5	19.1	2.7	0	13.8	20
13.37	8.63	0	4.6	0	2	0	4.2	16.4023	20.2	1.1	0	15.6	20
12.08	6	0	3.1	0	1.7	0	2.1	16.3047	21.3	0.3	0	17.4	20
12.26	3.19	0	1.9	0	1.5	0	0.9	16.207	22.5	0	0	19.1	20
14.29	2.91	0	0.2	0	1.3	0	0.4	15.5977	23.6	0	0	20	20
14.56	4.25	0	0	0	1	0	0.3	14.9883	24.7	0	0	20	20
15.2	5.96	0	0	0	0.7	0	0	13.7403	25.8	0.2	0	20	20
16.76	7.92	0	0	0	0.4	0	0	12.4922	27	1	0	20	20
17	10.06	0	0	0.66	0.2	0	0	11.0547	28.1	2.5	0	20	20
17	12.32	0	0	1	0	0	0	9.6172	29.2	4.3	0	20	20
17.23	14.65	0	0	0.03	0	0	0	6.9082	30.3	6.5	0	20	20
18.77	15.54	0	0	0	0	0	0	4.1992	31.5	8.8	0	20	20
20.54	14.56	0	0	0.57	0	0	0	3.1797	32.6	10.6	0	20	20
19.6	13.2	1.7	0	1.56	0	1.4	0	2.1602	33.7	11.8	0	20	20
18.14	11.98	4	0	0.4	0	3.6	0.3	1.1406	34.8	12.1	0.4	20	20
17.98	9.6	5.9	0	0	0	5.4	0.6	0.87109	36	11.3	0.7	20	20
17	7.1	7.3	0	0.92	0	7.8	1.2	0.60156	37.1	9.6	1.1	20	20
16.34	4.64	7.7	0	0	0	9.1	2.4	1.166	38.2	7	2.2	20	20
15	1.77	8.1	0	0	0	9.3	4.2	1.7305	38.7	4.4	4	20	20
15	0.46	8.8	0	0	0	11.4	6.1	1.8926	39.2	2.4	4.7	20	20
15	0.12	9.5	0	0	0	13.1	8	2.0547	39.7	1	5.8	20	20
15.96	0	11.2	0	0	0	13.2	9.6	3.4531	40.2	0.3	7.3	20	20
12.35	0	11.3	0	0	0	14.7	10.9	4.8516	40.7	0.6	8.8	18.9	20
15.28	0	11.5	0	0	0	15.9	12	7.084	41.2	1.8	9.5	14.5	20
14.27	0	10.9	0	0	0	16.4	13.1	9.3164	41.7	4	10.2	10	20
12.59	0	10.4	0	0	0	16.5	13.8	10.7012	42.2	6.8	11.3	5.6	20
12.25	0	11	0	0	0	15.1	14	12.0859	42.7	9.8	12.8	1.1	20
9.28	0	11.5	0	0.65	0	14.6	14	11.7266	43.2	11.8	14.2	0	20
8	0	11.9	0	1	0	13.4	14.1	11.3672	43.7	12.6	14.2	0	20
8	0	12.5	0	1.96	0	12.1	14.6	9.4238	44.2	11.6	14.6	0	20
8.38	0	12.3	0	1.36	0	11.3	15.4	7.4805	44.7	9.3	14.2	0	20
9.53	0	11.5	0	3.72	0	9.6	16.2	5.9785	45.2	6.5	14.2	0	20
10.69	0	11.3	0	3.87	0	7.2	16.9	4.4766	45.7	3.9	13.5	0	20
11	0	11.5	0	5.59	0	5.2	17.4	3.3216	46.2	1.7	12.1	0	20
9	0.59	11.9	4.3	6	0	1.9	17.7	2.1667	46.7	0.6	9.9	2.1	20
9	2.37	11.2	9.1	4.19	0	0.6	18.2	1.0117	47.2	0.1	8.5	4.3	20
9.32	4.85	11	14.5	4.94	0	0	18.9	0.64453	47.7	0	7.7	6.5	20
10	7.09	11.1	15.7	4	0	0	19.6	0.27734	48.2	0.3	5.1	8.6	20
9.36	8.88	11.8	15.4	4.38	0	0	20	0.17383	48.7	1.1	3.7	10.7	20
9	10.35	12.7	14.3	6.61	0	0	19.9	0.070313	49.2	2.5	2.6	12.6	20
9.95	10.77	13.1	13.5	9.39	0	0	19.2	0.37891	49.7	4.5	2.2	14.5	20
14.33	9.25	12.4	14.1	10.85	0	0	17.9	0.6875	50.2	6.9	1.8	16.3	20
17.53	6.14	9.7	16	6.99	0	0	16.4	3.0176	50.7	9.3	1.1	18.1	20
19.42	3.74	6.2	15.8	6	0	0	14.8	5.3477	51.2	11.6	0.4	19.8	20
20	2.24	3.5	15.4	5.35	0	0	12.8	5.8659	51.7	13.6	1.1	20	20
20.74	1.28	1.1	14.5	3.52	0	0	10.6	6.3841	52.2	15.3	0.7	20	20
21	0.53	0.3	13.7	2.36	0	0	8.3	6.9023	52.7	17	1.1	20	20
21.11	0.13	0	13.8	3.59	0.9	0	6	8.0234	53.2	18.6	0.7	20	20
23.84	0	0	17	4.95	2.5	0	4	9.1445	53.7	20.2	0	20	20
27	0	0	20.8	3	4.9	0	2.4	10.4824	54.2	21.7	1.1	20	20
27	0	0	23.7	3	7.4	0	1.3	11.8203	54.7	23.2	2.6	20	20
29.05	0	0	27.2	2.15	10.1	0	0.6	12.1191	55.1	24.7	2.6	20	20
32.52	0	0	29.8	0.42	12.4	2	0.4	12.418	55	26.2	2.9	20	20
31.01	0	0	30.7	0	14.3	4.2	0.5	11.9883	55	27.6	2.2	20	20
31	0	0	30.6	0	15.5	5.1	0.6	11.5586	55	28.8	3.3	20	20
31.62	0	0	28.4	0	16.4	5.6	0.6	11.9395	55	30	4.7	20	20
33	0	0	26.9	0	16.9	5.8	0.4	12.3203	55	31	6.6	20	20
32.37	0	0	28.1	0	16.9	5.7	0.4	12.4941	55	31.7	8.4	20	20
30.43	0	0	29.5	0	16.5	5	0.3	12.668	55	32.4	10.6	20	20
30	0	0	30	0	15.8	4.9	0.4	11.6836	55	33	12.4	20	20
30	0	0	28	0	15	4.4	0.6	10.6992	55	33.5	13.9	20	20
30.51	0.3	0	26.2	0	14.2	4.1	1	9.2305	54	33.9	15.7	20	20
32.41	1.95	0	24.6	0	13.6	3.9	1.6	7.7617	54	34	16.8	17.1	20
33	5.05	0	20.3	0	13.4	3.8	2.7	4.8438	54	33.9	18.6	12.7	20
32.27	8.07	0	16.4	0	13.7	2	4.3	1.9258	54	33.5	19.7	8.2	20
32	10.95	0	13.7	0	14.3	2.6	6.2	1.2839	54	33.5	20.8	3.8	20
31.04	13.52	0	12.1	0	15.2	3.1	8.1	0.64193	54	33.5	22.3	0	20
32.2	15.81	1.6	8.2	0	16.3	3.1	9.7	0	53	33.4	23.4	0	20
33.36	17.83	3.5	5.3	0	17.6	2	11	0	53	33.5	24.8	0	20
34	17.84	5.4	3.2	0	18.9	1.5	12	0	53	33.5	25.9	0	20
34	15.86	8.1	1.7	0	19.9	1.7	12.8	0	53	33.5	26.7	0	20
34	13.43	11	0.2	0	20.6	0.9	13.4	0	52.8	32.9	27.8	0	20
33.01	10.92	14.3	0	0	21	1.5	13.9	0	52.6	31.7	28.1	0	20
31.86	8.66	16.7	0	0	21	1.5	14.5	0	52.5	29.3	28.9	0.7	20
30.1	6.7	18	0	0.95	20.5	0.6	15.3	0	52.3	26.8	29.2	3	20
26.17	4.61	19.1	0	0	19.4	2.1	16.2	0	52.1	24.2	30.3	5.2	20
23.39	3.01	21.1	0	0	17.5	3	16.9	0	52	21.8	30.3	7.4	19
21.46	2.02	22.8	0	0	14.9	4.5	17.2	0	51.8	20.3	31.1	9.5	17
17.28	1.29	23.4	0	0	12	6	16.9	0	51.7	20	31.1	11.5	16
15.83	0.56	23.8	0	0	9	9.1	16.4	0	51.5	20.1	31.1	13.4	15
13.76	0	22.4	0	0	6.1	9.8	15.8	0	51.3	20.7	31.4	15.3	13
12.6	0	20.7	0	0	3.8	10.9	14.9	0	51.2	21.7	31.4	17	12
10.33	0	18.9	0	0	2.2	11.7	14	0	51	23	31.8	18.8	11
8.28	0	16.2	0	0	1	12.8	13	0	50.8	24.1	31.8	20	9
5.38	0	14.6	0	0	0.3	13.7	11.9	0	50.5	25.1	31.8	20	8
2.91	0	13.1	0	0.78	0	14.1	11	0	50.3	25.7	32.2	20	7
0	0	9.9	0	1	0	13.6	10.2	0	50	26.1	32.2	20	5
0	0	6.3	0	2.19	0	12	9.6	0	49.8	25.7	32.2	20	4
0	0	4.2	0	3.5	0	11.8	8.9	0	49.5	24.2	32.2	20	3
0	0	2.2	0	1.59	0	13.4	8.2	0	49.3	22	32.5	20	1
0	0	1.1	0	1.56	0	12.8	7.1	0	49	18.7	32.9	20	0
0	0	0.1	0	2	0	12.8	6	0	48.8	15.1	32.5	20	0
0	0	0	0	2.88	0	11.9	5.2	0	48.5	11.1	32.5	20	0
0	0.19	0	0	2.07	0	12.3	5.2	0	48.3	7.5	32.2	20	0
0	1.25	0	0	3.61	0.1	11.8	5.8	0	48	4.5	31.4	20	0
0	3.29	0	0	2	0.7	11.7	6.7	0	47.8	2.4	31.4	20	0
0	5.97	0	0	3.02	2	11.8	7.6	0	47.5	0.8	31.1	20	0
0	8.57	0	0	2.67	4	14.1	8.3	0	47.3	0.2	31.1	20	0
0	10.25	0	0	2.82	6.5	14.2	9.3	0	47	0	31.1	20	0
0	11.7	0	0	1.04	9.1	13.6	10.2	0	46.8	0	30.7	20	0
0	12.95	0	0	0	11.3	12.9	11	0	46.5	0	30.7	20	0
0	14.05	0	0	0	12.7	13.1	11.9	0	46.3	0	30.3	20	0
0	15.04	0	0	0	13.4	12.3	12.7	0	46	0	29.6	15.3	0
0	15.5	0	0	0.61	13.9	11.7	13.3	0	45.8	0	28.9	10.9	0
0	15.55	0	0	3.31	14.4	11.4	13.8	0.78516	45.5	0	27.8	6.5	0
0	15.57	0	0	1.22	15.2	11.1	14.3	1.582	45.3	0	26.7	2	1
0	15.98	0	0	0	16.6	10.5	15	4.7031	45	0	25.9	0	2
0	16.32	0	0	0	18.4	8.4	16	7.8242	44.8	0	25.2	0	3
0	16.47	0	0	0	20.3	1.8	17.1	8.9141	44.5	0	25.2	0	4
0	16.23	0	0	0	22.1	0.8	18.1	10.0039	44.3	0	24.8	0	4
0	15.7	0	0	0	23.2	0.6	18.9	10.1895	44	0	25.2	0	5
0	14.69	0	0	0	23.3	0	19.9	10.375	43.8	0	25.2	0	6
0	13.89	1.5	0	0	22.1	0	20.9	10.793	43.5	0	24.8	0	7
0	13.04	3.3	0	0	19.9	0	22	11.2109	43.3	0	25.2	1.6	8
0	10.81	4.9	0	0	17.2	0	22.8	11.6289	43	0	24.8	3.9	9
0	7.43	6.8	0	0	14.3	0	23.7	11.2305	42.8	0	24.8	6.1	9
0	3.53	8.6	0	0	11.5	0	24.4	10.832	42.5	0	24.8	8.2	10
0	1.59	10.3	0	0	8.9	0	24.9	10.3496	42.3	0	24.8	10.3	11
0	0.54	11.6	0	0	6.8	0	25.2	9.8672	42	0	25.2	12.2	12
0	0	11.8	0	0	5	0	25.4	10.0273	41.8	0	25.6	14.1	13
0	0	11.8	0	0	3.4	0	25.4	10.1875	41.5	0	25.2	16	13
0	0	11.6	0	0.44	2.1	0	25.5	9.4102	41.3	0	25.9	17.7	14
0	0	11.3	0	1.6	1.2	0	25.4	8.6328	41	0	26.3	19.5	15
0	0	11.5	0	2	0.6	0	25.4	7.7539	40.8	0	26.3	20	16
0	0	11.5	0	3.83	0.2	0	25.4	6.875	40.5	0	27	20	16
0	0	11.6	0	1	0	0	25.6	7.4434	40.3	0	27	20	17
0	0	9.1	0	0.77	0	3.3	25.9	8.0117	40	0	27	20	18
0.51	0	6.2	0	0	0	6.7	26.3	9.2188	40	0	27	20	19
0.33	0	4.1	0	0	0	10.4	26.5	10.4258	39.9	0	27	20	19
0	0	2.9	0	0	0	13.1	26.3	11.2435	39.9	0	27.4	20	20
0	0	3.6	0	0	0	14.4	25.4	12.0612	39.8	0	27	20	21
0	0	4.6	0	0	0	16	23.8	12.8789	39.8	0	27.4	20	21
0	0.1	5.5	0	0	0	17.4	21.7	13.1953	39.7	0	27.4	20	22
0	0.97	4.5	0	0	0	18.9	19.6	13.5117	39.7	0	28.1	20	23
0	4.1	2.2	0	0	0	19.8	17.2	13.3086	39.6	0	28.5	20	23
0	7.67	1.5	0	0	0	20.9	14.7	13.1055	39.6	0	29.2	20	24
0	10.5	1	0	0	0	22.1	11.9	11.2207	39.5	0	29.6	20	25
0	13.15	1.8	0	0	0	23.3	9.2	9.3359	39.5	0	30.3	20	25
0	15.57	3.1	0	0	0	23.7	6.9	7.0957	39.4	0	31.4	20	25
0	17.64	4.7	4.3	0	0	21.6	5	4.8555	39.4	0	31.8	20	25
0	19.46	5.9	9.1	0	0	19.5	3.5	3.2266	39.3	0.4	32.2	20	25
0	21.048	8.4	10.9	0	0	17.1	2.3	1.5977	39.3	1.2	33.2	18	25
0	22.45	9.6	10.6	0	0	11.3	1.4	1.6875	39.2	2.5	34	13.6	25
0	23.82	10.8	9.9	0	0	8.5	0.8	1.7773	39.2	4.5	34.3	9.1	25
0	25.03	11	6.7	0.94	0	4.5	0.4	2.1953	39.1	7.1	35.4	4.7	25
0	26.23	10.7	3.3	0	0.2	0.6	0.3	2.6133	39.1	9.6	35.8	0.2	25
0	27.47	10.6	2.8	0	1.1	0	0	3.0313	39	12.3	36.9	0	25
0	28.58	10.5	0.3	0	2.7	0	0	4.7188	39	14.6	37.3	0	25
0	29.64	10.3	0	0	4.9	0	0	6.4063	38.9	16.7	37.6	0	25
0	30.61	10.1	0	0	7.3	0	0	6.5684	38.9	18.7	37.3	0	25
0.13	31.62	10.2	0	0	9.7	3.5	0	6.7305	38.8	20.7	37.6	0	25
0.71	32.59	9.3	0	0.17	11.7	4.6	0	5.252	38.9	22.6	36.5	0	25
0	33.03	7.8	0	1.32	13.1	3.8	0	3.7734	39	24.5	36.9	0.2	25
0	31.78	6.7	0	2	13.9	1.7	0	2.4063	39	26.2	36.2	2.5	25
0	29.22	7.2	0	1.36	14.6	3.7	0	1.0391	39.1	27.7	36.2	4.8	25
0	26.44	8.2	0	1	15	4.1	0	0.51953	39.2	29.3	35.8	7	25
4.15	23.16	9.5	0	1	15.5	3.8	0.3	0	39.3	30.8	36.2	9	25
6	19.3	10.8	0	2.11	16.1	3.7	0	0	39.4	32.2	36.2	11.1	25
6	15.8	11.9	0	3	16.7	3.7	0	0	39.4	33.4	35.8	13	25
6	12.55	12.7	0	2.15	17.3	3.7	0	0	39.5	34.2	35.8	14.9	25
5.3	8.14	13.4	0	1	17.9	3.7	0	0	39.6	34.5	36.2	16.7	25
4.14	4.51	14.1	0	0.26	18.4	3.5	0	0	39.7	34	35.8	18.4	25
1.96	1.95	13.2	0	0	18.7	3	0	0	39.8	33	36.2	20	25
0	0.42	13.4	0	0	19	0.9	0	0	39.8	31.6	35.8	20	25
0	0.14	13	0	0	19.3	0.3	0	0	39.9	29.8	36.2	20	25
0	0	10.8	0	0	19.5	1.4	0	0	40	28.1	35.4	20	25
0	0	7.7	0	0	19.8	0	0	0	40	25.8	35.8	20	25
0	0	4.4	0	0	20	0	0	0	41	23.2	35.4	20	25
0	0	1.8	0	0	20.2	0	0	0	41	20.2	35.1	20	25
0	0	2.1	0	0	20.5	0	0	0	41	17	35.1	20	25
0	0	2.8	0	1.69	20.9	0	0	0	42	13.6	35.1	20	25
0	0	2.2	0	0	21.3	0	0	0	42	10.3	34.7	20	25
0	0	0.8	0	0	21.9	0	0	0	42.5	7.3	34.7	20	25
0	0	0.1	0	0	22.6	0	0	0	43	4.6	34.3	20	25
0	0	0	0	0	23.5	0.4	0	0	43.5	2.7	34	20	25
0	0	0	0	0	24.5	2.9	0	0	44	1.2	33.2	20	25
0	0	0	0	0	25.7	4.4	0.3	0	44.5	0.4	32.9	20	25
0	0	0	0	0	27	6	0.6	0	45	0.1	31.4	20	25
0	0.51	0	0	0	28.4	7.4	1.3	0	45.5	0	29.6	20	25
0	1.88	0	0	0	29.9	8.1	2.4	0	46	0	27.6	20	25
0	4.14	0	0	0	31.5	9.5	4.2	0	46.5	0	25.6	20	25
0	6.64	0	0	0	33.1	8.7	6.1	0	47	0	23.6	16.2	25
0	9.1	0	0	0	34.8	9.8	8	0	47.5	0	21.6	11.8	25
0	11.29	0	0	0	36.4	9.5	9.7	0	48	0	19.6	7.3	25
0.48	12.56	0	4.3	0	37.8	10.1	11	0	48.5	0	17.6	2.9	25
1.64	13.63	0	9.1	0	39.1	10	12	0	49	0	15.6	0	25
0.41	14.76	0	14.1	0	40.2	11.8	12.8	0	49.5	0	13.6	0	25
0	15.75	0	14.8	0	41	12.9	14	0	50	0	12.1	0	25
0	16.43	0	14.4	0	41.5	14.6	15.3	0	50.5	0	11.3	0	25
0	17.03	0	13.9	0.15	41.7	15.4	16.6	0	51	0	11.3	0	25
0	17.59	0	13.6	1	41.6	15.1	17.8	0	51.5	0	11.7	0	25
0	18.06	0	13.8	1	41.3	14.3	18.7	0.90039	52	0.1	12.1	0	25
0	18.43	0	15.2	1.62	40.8	12.8	19.4	1.8008	52.5	0.3	13.5	1.1	25
0	18.97	1.3	15.2	2	40.3	12.4	20.2	3.3633	53	0.6	15	3.4	25
0	19.61	2.7	14.3	1.06	39.7	11.8	21.1	4.9258	53.5	1.2	16.8	5.7	25
0	20.06	6.8	12.4	1.09	39.1	11.2	22.1	6.4883	54	2	17.9	7.8	25
0	20.6	9.5	9.1	2.5	38.4	10.5	22.9	8.8437	54.5	2.7	19.7	9.9	25
0	20.99	11.9	6.8	4	37.6	7.8	23.4	11.1992	55	3.5	21.2	11.9	25
0	21.24	15.9	3.4	5.13	36.7	5.4	23.5	13.8555	55	4.8	22.7	13.8	25
0	21.42	19.3	2.8	3.11	35.8	3.8	23.3	15.911	55	6.1	24.1	15.6	25
0	21.68	21	1	2.88	34.8	1.9	23	16.9063	55	7.9	25.2	17.4	25
0	21.8	22.5	0.1	2.04	33.3	0.6	22.6	17.3008	55	10	26.7	19.1	25
0	21.81	24.2	0	3.19	31.2	0	22.2	16.9023	55	12.3	27.8	20	25
0	21.77	24.2	0	3.65	28.2	0	21.9	16.5039	55	14.5	29.2	20	25
0	21.58	22.8	0	3	24.4	0	21.7	16.123	55	16.6	30	20	25
0	21.17	21.3	0	3.67	20	0	21.5	15.7422	55	18.7	31.4	20	25
0	20.77	19.6	1.3	3.18	15.5	0	21.3	15.5645	55	20.6	32.2	20	25
0	20.33	17.9	5.9	0.06	11.2	0	20.9	15.3867	55	22.3	33.2	20	25
0	20.06	14.1	9.6	0	7.5	0	20.5	15.2513	55	24.1	34	20	25
0	19.78	9.1	10.2	0	4.4	0	20.3	15.1159	55	25.7	34.7	20	25
0	19.55	6.8	8.4	0	2.3	0	20.3	14.9805	55	27.2	35.1	20	25
0	19.48	4.8	5.7	0	0.9	0	20.8	13.7461	55	28.7	35.1	20	25
0	19.4	2.5	4.7	0	0.2	0	21.7	12.5117	55	30.1	35.4	20	25
0	19.16	0.2	4.4	0	0	0	22.7	10.3769	55	31.2	35.1	20	25
0	18.77	0	5.1	0	0	0	23.8	8.2422	55	32.2	34.7	20	25
0	18.2	0	7.4	0	0	0	24.8	4.0586	55	32.5	34.3	20	25
0	17	0	9	0.4	0	0	25.6	0	55	31.6	34	20	25
0	15.63	0	8.8	0.44	0.3	0.1	26.4	0	55	29.8	33.6	20	25
0	13.45	0	7.5	0	0.6	3.2	27.4	0	55	27.7	32.9	20	25
0	9.86	0	4.5	0	1.1	7.3	28.3	0	55	25.2	32.5	20	25
0	6.06	0	3.1	0	1.3	9.9	29.2	0.011719	55	22.8	31.8	18.9	25
0	1.76	0	2.1	0	1.5	11.2	30	0.0058594	55	21.1	31.4	14.5	25
0	0.1	0	0.2	0	1.5	12.6	30.5	0	55	19.2	29.6	10	24
0	0	0	0	0	1.5	12.5	30.8	0.18164	55	17.3	28.5	5.6	22
0	0	0	0	0	1.4	12	30.9	0.36328	55	15.3	27	1.1	21
0	0	0	0	0	1.3	11	30.8	1.4023	55	13.1	25.6	0	20
0	0	0	0	0	1.2	11.5	30.8	2.4414	55	10.8	23.6	0	18
0	0	0	0	0	0.9	11	30.6	3.4805	55	8.6	21.6	0	17
0	0	0	0	0	0.7	10.8	30.3	4.9121	55	6.4	19.6	0	16
0	0	0	0	0	0.4	10.2	30	6.3438	55	4.3	17.6	0	14
0	0	0	0	0	0.2	9.8	29.7	7.6367	55	3	15.6	0	13
0	0	0	0	0	0	9.3	29.3	8.9297	55	2.7	13.6	0	12
0	0	0	0	0	0	8.5	28.8	9.6777	55	3.7	11.6	2.1	10
0	0	1.6	0	0	0	8.1	28.2	10.4258	55	5.6	9.6	4.3	9
0	0	2.7	0	0	0	7.7	27.4	11.7051	55	8.1	8.8	6.5	8
0	0	3	0	0	0	7.1	26.4	12.9844	55	10.3	8	8.6	6
0	0.17	3.8	0	0	0	7.5	25.3	15.7735	55	12.3	8	10.7	5
0	0.49	5.1	0	0	0	8.4	24.1	18.5625	55	13.8	6.9	12.6	4
0	1.01	7	0	0	0	9.2	22.9	18.5879	55	15.3	6.6	14.5	2
0	1.76	8.4	0	0	0	9.6	21.6	18.6133	55	16.3	4	16.3	1
0	2.73	9.9	0	0	0	10.6	20.3	18.543	55	17.5	0.7	18.1	0
0	4.75	11.3	0	0	0	11.7	19.1	18.4727	55	18.3	0.7	19.8	0
0	7.43	13	0	0	0	12.9	17.9	17.8184	55	19.3	2.6	20	0
0	10.08	14.5	0	0	0	14.2	16.6	17.1641	55	20.2	2.9	20	0
0	12.75	15.5	0	0	0	15.9	15.5	14.7735	55	21.1	3.3	20	0
0	15.43	16.6	0	0	0	16.7	14.3	12.3828	55	22.1	3.3	20	0
0	17.79	17.5	0	0	0	18.5	13.1	9.9922	55	22.8	3.7	20	0
0	19.89	17.1	0	0	0	19.2	12	7.041	55	23.6	3.7	20	0
0	21.82	17.9	0	0	0	19.1	10.9	4.0898	55	24.2	3.3	20	0
0	23.46	16.8	0	0	0	18.2	10.2	3.4805	55	24.7	2.9	20	0
0	25.1	16.4	0	0	0	16.7	10.1	2.8711	55	25.3	2.9	20	0
0	26.59	16.1	0	0	0	15.1	10.4	4.9473	55	25.8	2.9	20	0
0	27.92	16.4	0	0	0	11.7	11.2	7.0234	55	26.3	2.6	20	0
0.24	28.77	16.4	0	0	0	10.6	12.3	8.6777	55	26.8	2.9	20	0
0.6	29.08	16.1	0	0	0	10.7	13.7	10.332	55	27.3	2.6	20	1
0	28.66	16	0	0	0	10.3	15.1	9.6758	55	27.7	2.6	20	2
1.42	26.98	14.7	0	0	0	9.5	16.6	9.0195	55	28.1	2.2	20	3
2	25.19	13.1	0	0	0	8.4	17.7	8.2409	55	28.6	2.2	20	4
3.08	23.35	11.7	0	0	0	8.7	18.2	7.4622	55	29.1	1.8	20	4
5.63	21.44	9.4	4.3	0	0	8.5	18.4	6.6836	55	29.6	2.2	20	5
4	19.34	6.8	9.1	0	0.2	8	18.4	6.8965	55	30.2	2.6	17.1	6
4	16.64	4.1	14.5	0	0.3	7.9	18.4	7.1094	55	31	2.6	12.7	7
3.34	13.18	2	15.2	0.64	0.4	7	18.4	7.9199	55	31.7	2.6	8.2	8
1.37	9.97	0.2	14.7	1.8	0.4	0.6	18.5	8.7305	55	32.5	2.2	3.8	9
1	6.82	0	13.7	2.95	0.3	0	18.9	8.2188	55	33.4	1.8	0	9
0	4.08	0	13.8	3.89	0.2	0	19.4	7.707	55	34	1.5	0	10
0	1.6	0	14.3	2.46	0	0	20.1	7.4727	55	34.7	1.1	0	11
0	0.25	0	15.7	1	0	0	20.8	7.2383	55	35.4	0.4	0	12
0	0.1	0	14.5	0.42	0	0	21.2	7.9238	55	35.7	0.7	0	13
0	0	0	11.3	0	0.2	0	21.2	8.6094	55	36	0.4	0	13
0	0	0	7.6	0	0.5	0	20.6	8.7305	55	36.2	0.4	0	14
0	0	0	3.4	0	1.1	0	19.5	8.8516	55	36.2	0	0.7	15
0.23	0	0	2.8	0	2.3	0	18.1	9.0332	55	36.2	0	3	16
1.39	0	0	0.8	0	4.1	0	16.6	9.2148	55	36.2	0	5.2	16
2	0	0	0.1	0	6.5	0	15.3	9.584	55	36.2	0	7.4	17
4.11	0	0	0	0	9.1	0	14.3	9.9531	55	35.9	0	9.5	18
5	0	0	0	0	11.4	0	13.5	10.2096	55	35.2	0	11.5	19
6.02	0	0	0	0	13.3	0	13	10.4662	55	33.9	0	13.4	19
7.18	0	0	0	0.16	14.9	0	12.7	10.7227	55	32.2	0	15.3	20
7.33	0	0	0	1	16.3	0.3	12.7	11.1739	55	30.2	0	17	21
6.49	0	0	0	0.53	17.6	1.9	13	11.625	55	27.8	0	18.8	21
7	0.15	0	0	0	19	3.6	13.3	12.0137	55	25.3	0	20	22
7	1.3	0	0	0	20.3	5.5	13.5	12.4023	55	22.5	0	20	23
7	4.11	0.2	0	0	21.6	7.7	13.5	12.8242	55	19.2	0	20	23
7	6.81	2.3	0	0	22.6	8.4	13.5	13.2461	55	15.8	0	20	24
7	8.63	3.3	0	0.52	23	10.6	13.6	13.5703	55	12.1	0	20	25
7.43	10.15	4.1	0	1.58	22.9	12.6	13.7	13.8945	55	8.8	0	20	25
8	11.53	5.9	0	1.57	22.1	12.7	14	13.916	55	5.9	0	20	26
8	12.73	8.6	0	2.73	20.6	12.6	14.3	13.9375	55	3.5	0	20	27
7.09	13.7	11.3	0	3	18.7	11.8	14.5	12.8372	55	1.7	0	20	27
11.06	14.42	15.5	0	0.95	16.6	9.9	14.7	11.737	55	0.6	0	20	28
12.89	15.17	17	0	0	14.3	6.7	14.7	10.6367	55	0.2	0	20	29
14.49	16.06	18.2	0	0	11.7	7.2	14.6	9.0762	55	0	0	20	29
11.46	16.98	20.1	0	0	8.9	7.6	14.3	7.5156	55	0	0	20	30
13.08	17.8	22.8	0	0	6	6.6	13.9	5.5352	55	0	0	20	30
16.55	18.62	24.1	0	0	3.7	5.2	13.3	3.5547	55	0	0	20	30
16	19.41	25.3	0	0	1.8	3.7	12.7	2.7715	55	0	0	20	30
15.34	20.15	25	0	0	0.5	2	12.2	1.9883	55	0.1	0	20	30
12.32	20.97	23.8	0	0	0	0.6	11.9	4.7168	55	1.1	0	20	30
13	21.7	22.5	0	0	0	0	11.9	7.4453	55	2.7	0	20	30
13	22.43	21.2	0	0	0	0	12	9.8731	55	5.4	0	15.3	30
13	23.15	19.3	0	0	0	0	12.4	12.3008	55	8.8	0	10.9	30
15.86	23.78	17.4	0	0	0	0	12.8	13.1739	55	12.6	0	6.5	30
12	24.29	14	0	0.19	0	0	13.3	14.0469	55	16.2	0	2	30
11.73	24.71	9.6	4.3	1.75	0	0	13.7	15.1797	55	19.5	0	0	30
11	24.86	6.8	9.1	1	0	0	13.8	16.3125	55	22.5	0	0	30
11	24.58	4.2	15.2	1	0	0	13.7	16.6485	55	25.2	0	0	30
11	24.01	1.7	16.3	1	0	0	13.6	16.9844	55	27.8	0	0	30
11.9	23.57	0.1	15.7	2.76	0	0	13.9	17.3086	55	30.2	0	0	30
12.89	23	0	14.5	2.04	0	0	14.7	17.6328	55	32.7	0	0	30
10.36	20.96	0	13.5	3.39	0	0	15.8	17.9167	55	35	0	0	30
7.26	17.55	0	13.6	6.41	0	0	17	18.2005	55	37.2	0	1.6	30
4.95	13.88	0	15.9	8.49	0	0	18.1	18.4844	55	39.7	0	3.9	30
4.68	9.77	0	16	9.33	0	0	18.9	18.2207	55	41.7	0	6.1	30
6.68	4.83	0	15.3	10.82	0	0	19.4	17.957	55	43.4	0	8.2	30
8	1.11	0	14.5	10.02	0	0	19.7	16.4141	55	44.5	0	10.3	30
7.84	0.1	0	13.5	11	0.1	0	20.2	14.8711	55	45.2	0	12.2	30
7	0	0	11.1	11.3	0.8	0	20.9	12.9453	55	45.5	0	14.1	30
6.53	0	0	7.2	12.45	2.2	0	21.7	11.0195	55	45.7	0	16	30
7.89	0	0	3.4	12.39	4.2	0	22.5	8.9844	55	46	0	17.7	30
10.57	0	0	2.8	12	6.2	0	23.2	6.9492	55	46.2	0	19.5	30
11	0	0	1.7	13.85	8.3	0	23.8	6.0273	55	46.7	0	20	30
10.1	0	0	0.2	15.92	10.2	0	24.1	5.1055	55	47.2	0	20	30
10.74	0	0	0	14.76	11.8	0	24.2	4.1836	55	47.7	0	20	30
10.42	0	0	0	13.6	13.1	0	24.3	4.5059	55	48.5	0	20	30
11	0	0	0	12.44	14.2	1.7	24.4	4.8281	55	49	0	20	30
12.46	0	0	0	12	15	3.3	24.5	6.4434	56	49.4	0	20	30
14.77	0	0.6	0	11.13	15.5	4.2	24.6	8.0586	56	49.5	0	20	30
14.09	0	2.4	0	12.03	15.6	4.6	24.5	9.5566	56	49.2	0	20	30
16.2	0.98	4.8	0	13	15.2	4.1	24.5	11.0547	56	48.7	0	20	30
17	4.21	7.5	0	13	14.4	3.7	24.5	12.8282	57	48	0	20	30
17	7.76	10	0	13	13.2	1.4	24.4	14.6016	57	46.5	0.7	20	30
17	10.46	11.9	0	12.34	11.7	0.6	24.3	16.9355	57	44.4	1.1	20	30
17	12.82	13.2	0	13.63	10.2	0	24.1	19.2695	57	40.9	3.3	20	30
15.02	14.99	14.1	0	14	8.5	0	23.8	18.9922	58	36	4.7	20	30
15.71	16.95	13.8	0	14	6.8	0	23.4	18.7148	58	29.7	5.8	20	30
14	18.83	13.3	0	14.29	4.9	0	23	17.6367	58	23.2	5.5	20	30
14.92	20.66	12.7	0	13.67	3.3	0	22.6	16.5586	58	16.3	5.8	20	30
15.38	22.18	11.6	0	10.8	1.8	0	22.1	15.2851	59	10.5	5.5	20	30
15.78	23.58	9.5	0	8.48	0.7	0.1	21.7	14.0117	59	5.9	3.7	18	30
16	24.76	7.2	0	8	0.1	1.4	21.2	13.0957	59	2.9	2.2	13.6	30
16	25.93	4.1	0	9.78	0	2.3	20.7	12.1797	60	1	2.9	9.1	30
16.25	27.11	2.1	0	7	0	3.2	20	11.6172	60	0.2	4.4	4.7	30
17.41	28.19	1.3	0	6.22	0	4.7	19.4	11.0547	60	0.1	6.2	0.2	30
18.56	29.3	1.1	0	5.55	0	5.4	18.8	10.4922	60	0.8	6.9	0	30
19	30.35	1.5	0	4.59	0	5.8	18.2	9.5098	60	2	8	0	30
19.88	31.25	2.3	0	4.86	0	6.9	17.8	8.5273	60	4	9.5	0	30
21	32.14	3	0	3.96	0	9	17.5	6.5957	60	6.5	10.6	0	30
21	32.97	4.5	0	2	0	8.7	17.4	4.6641	60	9.3	12.8	0	30
21	33.54	6.2	0	2	0	9.8	17.2	2.332	60	11.8	14.2	0	30
20.49	33.73	7.5	0	3.47	0	10.1	17.2	0	60	14.1	16.4	0.2	30
20	34.12	8.4	0	5	0	9.4	17.1	0.61523	60	16.2	17.9	2.5	30
19.18	34.77	8.3	0	6.61	0	9.2	17.1	1.2305	60	18	19.7	4.8	30
19	35.52	8.4	0	4.11	0	10	17.2	2.0352	60	19.3	21.9	7	30
18.86	35.67	8.6	0	3	0	9.9	17.4	2.8398	60	20.2	23	9	30
18.29	34.38	8.8	0	3	0	9.3	17.4	3.6445	60	20.3	24.8	11.1	30
19	31.49	8.6	0	3.87	0	8.3	17.6	5.7031	60	19.2	26.3	13	30
19.61	28.21	7	0	3.22	0	6.5	17.6	7.7617	60	17.1	27	14.9	30
20	24.55	6.5	0	1.25	0	5.6	17.6	9.5059	60	14.3	28.5	16.7	30
20	21.06	6.5	0	0.09	0	6.5	17.5	11.25	60	10.8	29.2	18.4	30
20	17.75	6.8	0	0	0	7.1	17.1	11.7949	60	7.3	29.2	20	30
20	14.31	5.4	0	0	0	6.9	16.6	12.3398	60	4.5	30	20	30
20	11.47	3.8	0	0	0	6.3	16.1	13.0977	60	2.4	30	20	30
19.45	8.69	4.1	0	0	0	5.2	15.8	13.8555	60	1	30	20	30
20.42	6.05	3.9	4.3	0	0	3	15.9	15.123	60	0.2	30.3	20	30
21.87	3.25	4	9.1	0	0	2.8	16.4	16.3906	60	0	30	20	30
20.97	1.05	4.3	10.7	2.01	0	3.9	16.8	17.1367	60	0	30	20	30
20.37	0.1	4.2	10.6	3.33	0	1.5	17.4	17.8828	60	0	30	20	30
22	0	2.4	10.1	4.68	0	1.6	17.9	17.8242	60	0	29.6	20	30
22	0	0.8	9.5	5.45	0	2.8	18.4	17.7656	60	0	30	20	30
22.66	0	0.4	8.9	8.28	0	1	18.9	16.7168	60	0	30	20	30
23	0	0	8.4	8.2	0	0	19.3	15.668	60	0	30	20	30
23.97	0	0	8.6	7.05	0	0	19.5	14.9219	60	0.3	30.3	20	30
25.51	0	0	11.5	8.11	0	0	19.7	14.1758	60	1.3	30	20	30
29	0	0	13.2	9	0	0	19.5	13.4297	60	3.2	30.7	20	30
29	0	0	12.1	9.43	0	0	19.2	11.8653	60	5.9	30.7	20	30
29	0	0	8.8	10	0	0	18.9	10.3008	60	9.1	31.1	20	30
30.51	0	0	4.6	10.74	0	0	18.8	8.2617	60	12.6	31.4	20	30
31	0	0	3.1	8.3	0	0	18.8	6.2227	59	16.1	31.8	20	30
30	0	0	2.6	7.06	0	0	18.9	5.4199	59	19.1	32.2	16.2	29
30	0.22	0	0.8	8	0	0	18.9	4.6172	59	21.7	32.5	11.8	27
30	1.54	0	0.1	7.26	0	0	18.9	3.1504	58	24.2	32.9	7.3	26
30.54	5.2	0	0	7.06	0	0	18.9	1.6836	58	26.7	32.9	2.9	25
31	8.85	0	0	10.06	0.4	0	19	1.3848	56	28.7	33.2	0	23
31.86	11.89	0	0	11	1.4	0	19	1.0859	55	30.8	33.6	0	22
31	14.23	0	0	12	3.1	0	19	0.72136	55	32.5	33.2	0	21
31.17	15.64	0	0	13.32	5.4	0	19.1	0.35677	55	33	33.6	0	19
32.33	16.72	0	0	15.32	7.8	0	19.2	0	53.8	32.9	33.6	0	18
33	18.02	0	0	15.53	10.3	0	19.2	0	52.7	31.7	33.6	0	17
33	19.39	0	0	15.63	12.5	0	19.3	0	51.6	29.6	33.2	0	15
33.8	21.08	1	0	18.36	14.3	0	19.3	0	50.5	26.3	33.6	1.1	14
34	22.44	2.6	0	18.06	15.5	0	19.4	0	49.3	22.3	33.6	3.4	13
35.12	21.47	4.2	0	18.59	16.7	0	19.4	0	48.2	17.8	33.6	5.7	11
36	19.17	7.4	0	15	17.8	0	19.4	0	47.1	13.1	34	7.8	10
36	15.77	10.5	0	13.75	18.9	0	19.4	0	46	8.5	33.6	9.9	9
34.82	11.9	12.4	0	10.28	20.2	0	19.5	0	44.8	4.8	34	11.9	7
33.25	7.88	14.1	0	6.8	21.4	0	19.5	0	43.7	2.2	34	13.8	6
32.09	4.77	15.3	0	6.89	22.6	0	19.6	0	42.6	0.8	33.6	15.6	5
32	1.84	16.4	0	7.05	23.5	0	19.7	0	41.5	0.2	34	17.4	3
32	0.28	18.9	0	8.2	24.1	0	19.9	0	40.3	0	33.2	19.1	2
32	0.67	21.1	0	9	24.2	0	20.3	0	39.2	0	33.2	20	1
32	2.68	22.3	0	7.96	23.9	0	20.5	0	38.1	0	32.9	20	0
32	5.26	23.3	0	7	23.3	0	20.7	0	37	0	32.9	20	0
32.85	7.85	24.2	0	9.5	22.6	0	20.5	0	35.8	0	32.5	20	0
33.01	10.43	23.3	0	9.01	21.4	0	20.2	0	34.7	0.2	32.5	20	0
34	12.87	22.1	0	11.15	19.8	0	21.2	0	33.6	0.6	31.8	20	0
33.68	15.18	20.2	0	12	17.8	0	22.1	0	32.5	1.3	32.2	20	0
32.52	17.25	18.2	0	11.54	15.5	0	22.7	0	31.3	2.7	31.8	20	0
32	19.24	15.5	0	11	13.2	1.6	23.1	0	30.2	4.3	31.1	20	0
32	20.95	12.7	4.3	9.44	10.6	3.6	23.4	2.1504	29.1	5.8	30.7	20	0
32.95	22.18	7.1	9.1	9	8	4.4	23.9	4.3008	28	7	30.3	20	0
33	22.78	2.2	10.9	10	5.6	4.9	24.4	6.7871	26.8	7.6	28.5	20	0
33	23.18	0.2	10.6	10	3.5	5.5	24.9	9.2734	25.7	8.1	26.5	20	0
33.42	23.45	0	9.9	9.59	1.7	6	25.5	9.9004	24.6	8.6	24.5	20	0
34	23.78	0	6.7	9	0.5	7.3	25.9	10.5273	23.5	9.3	22.5	20	0
34.74	24.06	0	3.3	8.28	0	9.2	26.3	13.1484	22.3	10.3	20.5	20	1
35	24.23	0	2.8	7.12	0	8.9	26.4	15.7695	21.2	11.1	18.5	20	2
35	24.14	0	1.2	7.07	0	9.8	26.2	17.151	20.1	11.8	16.5	20	3
35	24.01	0	0.1	9.78	0	9.7	25.9	18.5326	19	11.8	14.5	18.9	4
35	23.97	0	0	14.41	0	11	25.8	19.9141	17.8	11.6	12.5	14.5	4
35	23.94	0	0	15.98	0	11.3	26	21.0645	16.7	11.1	11.7	10	5
35	23.91	0	0	15	0	10.8	26.4	22.2148	15.6	10.3	12.4	5.6	6
35.84	23.86	0	0	15	0	10.1	27	22.3379	14.5	9.5	12.4	1.1	7
37.99	24	0	0	16.96	0	11.5	27.5	22.4609	13.3	8.6	12.8	0	8
38	24.31	0	0	16	0	11.3	27.7	21.4511	12.2	7.8	13.5	0	9
37.69	24.46	0	0	15.7	0	12.1	27.2	20.4414	11.1	7.4	13.9	0	9
38.41	24.75	0	0	13.64	0	11.6	26.1	18.498	10	7.5	14.6	0	10
39.37	24.97	0	0	12.61	0	11.2	24.4	16.5547	8.8	8.3	15.7	0	11
39	25.21	0	0	13	0	10.7	22.6	13.3379	7.7	9.6	16.4	0	12
39	25.3	0	0	13	0	10.2	21	10.1211	6.6	11.1	17.2	0	13
38.1	25.37	0	0	15	0	9.5	19.6	7.0508	5.5	12.3	17.5	2.1	13
39	25.38	1.3	0	15.24	0	8.8	18.5	3.9805	4.3	13.1	17.9	4.3	14
39.41	25.35	2.4	0	16	0	8.4	17.6	2.4785	3.2	13.6	17.9	6.5	15
40.57	25.22	3.6	0	16	0	8.1	16.9	0.97656	2.1	14.1	18.3	8.6	16
41.73	25.25	5.4	0	16.71	0	7.9	16.1	2.7051	0	14.1	18.3	10.7	16
42	25.42	6.7	0	17	0	8.2	15.2	4.4336	0	13.8	19.4	12.6	17
41.92	25.63	7.9	0	19	0	8.3	14.1	5.5723	0	13	20.1	14.5	18
40	25.82	9	0	18.63	0	9.1	13.2	6.7109	0	11.1	21.6	16.3	19
40	25.68	10	0	17	0	9.6	12.9	6.5898	0	9.3	22.3	18.1	19
39.49	25.65	10.7	0	17	0	9.2	13.1	6.4688	0	7.9	23.4	19.8	20
37.66	25.59	11.5	0	18.32	0	9.1	13.8	6.3477	0	6.6	24.5	20	21
37	25.54	11.8	0	21.45	0	9.6	14.6	5.2617	0	5.8	25.6	20	21
36.01	25.67	12.5	0	21.03	0	10.6	15.5	4.1758	0	5.8	25.6	20	22
34.86	25.7	12.9	0	20.87	0	11	16	3.3535	0	6.1	25.6	20	23
33.7	25.66	13.7	0	20	0	11.5	16.4	2.5313	0	7	24.5	20	23
32.54	25.62	14.1	0	21.33	0	10.8	16.6	3.4199	0	8.3	23.4	20	24
29.54	25.58	14.5	0	23.6	0	10.4	16.8	4.3086	0	10.3	21.9	20	25
26.46	25.58	14.8	0	21.72	0	9.7	16.9	6.1074	0	12.5	21.6	20	25
22.28	25.58	15	0	23.75	0	8.7	17	7.9063	0	14.3	21.2	20	26
19.91	25.53	15.3	0	23.85	0.8	4.8	17.1	8.5573	0	16.2	21.6	20	27
18.76	25.51	15.5	0	22.23	2.4	3.6	17.1	9.2083	0	17.8	21.6	20	27
17.6	25.41	15.7	0	23.78	4.9	0.6	17	9.8594	0	19.3	21.9	20	28
16.44	25.31	15.7	0	25.55	7.4	0	16.8	9.0996	0	20.7	23	20	29
14.57	25.21	15.2	0	24.59	10.1	0	16.4	8.3398	0	21.7	23.4	20	29
13.13	25.07	15.6	4.3	24.86	12.2	0	15.6	7.7949	0	22.6	24.5	20	30
11.97	24.89	15.5	9.1	26.04	13.6	0	14.6	7.25	0	23.2	25.6	20	30
10.81	24.44	15.6	13.2	27.65	14.1	0	13.2	5.7129	1.9	23.5	26.7	20	31
9.31	23.27	15.4	13.8	26	14.2	0	11.5	4.1758	5.7	23.7	27.8	20	31
7.5	20.81	14.7	13.4	26	14	0	9.6	2.3555	9	23.7	28.9	17.1	32
6.34	17.79	15.2	12.5	26	13.7	0	7.5	0.53516	12	23.7	29.6	12.7	33
4.37	14.56	15.3	13.7	23.58	13.4	0	5.3	0.26758	14	23.7	30	8.2	33
3.03	11.63	15.3	15.2	23	13	0	3.2	0	16.9	23.7	30.3	3.8	34
1.87	8.63	15.3	15.2	24.12	12.5	0	1.7	0	18.7	23.8	29.6	0	34
0.71	5.17	15.3	14.3	24.17	11.7	0	0.8	0	19.1	23.8	29.6	0	35
0	2.32	15.3	13.8	22	10.9	0	0.6	0	20.4	23.7	29.6	0	35
0	0.88	15.2	14.5	22.59	10	0	0.7	0	22	23.5	29.6	0	35
0	0.18	15.3	17.1	23.75	8.8	0	1.1	0	23.9	23.2	30	0	35
0	0	15.4	19.4	24	7.3	0	1.9	0.74609	24.8	22.8	30	0	35
0	0	15.1	19.4	23	5.5	1.1	3	1.8672	25.4	22.5	30.3	0	35
0	0	15.5	18.9	23.22	3.7	2.3	4	2.9883	25.5	22.2	30.3	0.7	35
0	0	16	18.3	23.62	2.1	3.7	4.8	1.9727	24.8	21.7	30.3	3	35
0	0	16.4	19.8	21.93	0.9	4.4	5.3	3.3223	21.9	21.2	30.3	5.2	35
0	0	17	19.8	19.61	0.2	5.7	6	4.6719	18.9	20.5	30.7	7.4	35
0	0	16.8	19.3	19	0	7.3	7	6.2031	16.1	19.2	30.3	9.5	35
0	0	17.4	18.5	20.01	0	7.3	8.4	7.7344	14.1	17.2	31.1	11.5	35
0	0	17.9	17.7	21	0	7.2	9.7	7.9043	11	14.6	30.7	13.4	35
0	0	16.8	16.3	20.68	0	7.3	11	8.0742	6.6	11.6	30.7	15.3	35
0	0	15.4	13	20.48	0	7.4	12.3	7.7695	3	8.3	30.7	17	35
0	0	13.6	9.9	21	0	7.5	13.6	7.4648	0	5.3	31.1	18.8	35
0	0.13	11.2	6.5	21	0	8.6	14.6	7.7357	0	3	31.1	20	35
0	0.98	8.3	3.3	21.95	0	10.4	15.1	8.0065	0	1.3	31.1	20	35
0	3.09	4.9	2.8	22	0	11.1	15.1	8.2773	0	0.4	31.1	20	35
0	5.66	1.6	2.3	21.73	0	13.1	14.6	10.6445	0	0.1	31.1	20	35
0	8.35	0.1	0.2	20.57	0	14.4	14	10.8607	0	0	30.7	20	35
0	10.93	0	0	18.83	0	15.3	13.4	11.0768	0	0	30.3	20	35
0	13.38	0	0	16.52	0.3	15	13	11.293	0	0	29.6	20	35
0	15.09	0	0	13.3	0.9	14.4	12.7	10.4863	0	0	29.2	20	35
0	15.82	0	0	12.11	2.1	14.2	12.7	9.6797	0	0	28.9	20	35
0	16.56	0	0	13.36	4	13.6	13	9.2598	0	0	27.4	20	35
0	17.45	0	0	11	6.3	12.4	13.8	8.8398	1.9	0	25.6	20	35
0	18.41	0	0	9.94	8.8	11.8	14.8	8.3262	4.7	0	23.6	20	35
0	19.32	0	0	8.31	11	11.3	16	7.8125	7.6	0	21.6	20	35
0	20.2	0	0	8.84	12.8	11	17.3	6.8438	10.2	0	19.6	20	35
0	20.85	0	0	7	14.1	10.6	18.4	5.875	10.5	0	17.6	20	35
0	21.1	0	0	7	15.2	10.4	19.2	4.7266	12.3	0	16.8	20	35
0	21.27	0	0	7.32	16.3	12.9	19.9	3.5781	13.7	0	16.1	20	35
0	21.18	0	0	8.95	17.4	14.7	20.7	4.5898	15.2	0	15	20	35
2.36	21.05	0	0	10.63	18.6	15.6	21.5	5.6016	16.1	0	12.8	20	35
3.94	21.09	0	0	9.43	20	16.9	22.4	6.6055	17.8	0	10.8	15.3	35
5.31	21.39	0	0	9.94	21.3	19	23	7.6094	19.2	0	8.8	10.9	35
8.26	21.69	0	0	11.1	22.6	20.4	23.2	7.4453	20.3	0	6.8	6.5	35
9.42	21.79	0	0	12	23.7	21	23.1	7.2813	21.5	0	5.8	2	35
11.15	21.65	0	0	12.42	24.4	21.3	23	7.1172	22.9	0	5.5	0	35
12.73	21.65	0.3	0	13	24.4	22.1	22.7	7.1133	24.3	0	5.5	0	35
14.78	21.9	0.6	0	13.73	23.8	22.6	22.5	7.1094	25.1	0	5.8	0	35
16.05	22.23	2.8	0	14	22.3	23.4	22.3	6.3438	26	0	6.2	0	35
17.41	22.59	4.9	0	14.19	19.8	24.1	22.1	5.5781	27.8	0	5.8	0	35
19.72	22.94	7.1	0	17.8	16.9	24.4	22	6.4434	27.6	0	6.2	0	35
21.52	23.42	11.7	0	17	13.5	23.9	22	7.3086	28.8	0	6.2	0	35
23.35	23.75	13.4	0	16.48	10	22.8	21.9	7.3906	29.6	0	5.5	0	35
24.83	24.02	14.9	0	16	6.7	21.7	21.8	7.4727	29.8	0	5.5	0	35
25.99	24.17	17.7	0	16.83	4.1	20.5	21.7	4.4199	29.6	0	5.5	0	35
27.15	24.36	20.1	0	17	2.1	19.5	21.5	1.3672	27.7	0	5.8	0	35
28.31	24.42	20.6	0	16.85	0.8	18.1	21.4	0.91146	24.2	0	5.1	0	35
29.46	24.39	20.9	0	15.69	0.1	17.3	21.2	0.45573	20.7	0	4.7	0	35
30.62	24.27	21.4	0	15	0	16	20.9	0	17	0	4.4	0	35
31.78	23.93	23.5	0	14.38	0	12.8	20.5	0	14	0	3.7	0	35
32.94	23.5	24	0	13.22	0	11.1	20.1	0	11.1	0	2.9	0	35
34.18	22.84	24.3	0	13.94	0	11.3	19.6	0	8.5	0	2.2	0	35
36.25	22.15	23.9	0	12.09	0	11.2	19.1	0	5.9	0	1.5	0	35
37.41	21.59	23.5	0	13.25	0	11	18.6	0	3.4	0	1.8	0	35
38.56	20.98	22	0	13.59	0	11.1	18	0	2.6	0	2.6		35
39.72	19.71	19.4	0	13	0	11.8	17.2	0	2.2	0	3.7		35
40	16.83	17.1	0	12.28	0	11.7	16.1	0	0	0	4.4		35
40	12.46	14.7	0	12	0	11.5	14.8	0	0	0	3.7		35
40	8.45	10.1	0	13	0	11.3	13.3	0	0	0	3.7		35
40	4.85	6.4	0	13.19	0	10.7	12.1	0	0	0	1.5		35
40	1.82	4.7	0	14.35	0.6	8.2	11.2	0	0	0	0.7		35
40	0.51	3.3	0	15.51	1.9	2.4	10.7	0	0	0.4	2.6		35
40.82	0	2.2	4.3	18	3.7	0.6	10.4	0	0	1.2	2.9		35
41	0	1.1	9.1	19	5.8	0.1	10.1	0	0	2.5	2.9		35
41	0	0.1	10.9	19	8.1	0	9.8	0	0	4	2.9		35
41.3	0	0	10.8	20.14	10.1	0	9.6	0	0	5.5	2.6		35
42	0	0	10.3	20.7	11.6	0	9.2	0	0	6.5	2.2		35
42	0	0	9.7	20	12.5	0	8.7	0	2.3	7.1	2.2		35
42	0	0	9.2	20.61	13.1	0	8	0.63086	5.5	8	1.8		35
42.93	0	0	9.4	22.54	13.3	0	7.1	1.2617	8.6	9	1.5		35
43	0	0	11.2	24.85	13.3	0	6.1	3.0332	10.9	9.8	1.5		35
43	0	0	12.8	23.08	13.2	0	5.1	4.8047	12.6	10.8	1.5		35
43	0	0	12.5	24	13.1	0	0	5.3867	14.1	12.1	1.5		35
43.56	0	0	8.3	24.8	13.1	0	0	5.9688	16.2	13.1	1.5		35
44.71	0.1	0	4.6	26	13.4	0	0	6.873	18.1	13.8	1.1		35
45	0.69	0	3.1	26	13.9	0	0	7.7773	19.5	14.5	0.4		35
44.97	3.05	0	2.5	24.26	14.8	0	0	8.5625	20.4	15.1	0.4		35
44.18	4.99	0	0.8	24.06	16	0	0	9.3477	22.3	15.8	0.4		35
44.66	7.09	0	0.1	26	17.3	2.4	0	9.9512	23.9	16.6	0.4		35
44	8.45	0	0	26	18.7	4.3	0	10.5547	25.2	17.5	0.4		35
44	7.24	0	0	25.5	20.2	5.2	0	10.1484	26.6	18.6	0		35
44.81	5.6	0	0	25.66	21.4	5.9	0	9.7422	28	19.7	0		35
45	4.43	0	0	26	22.3	6.5	0	9.724	28.7	20.3	0		34
45	3.2	0	0	28.92	22.8	7.5	0	9.7057	30	20.2	0		32
45	1.72	0	0	30	22.7	8.3	0	9.6875	31	19.2	0		31
45.44	0.49	1.7	0	29.43	21.9	10.2	0	9.4746	31.7	17.1	0		30
46	0.15	4	0	26.22	20.5	11	0	9.2617	32.8	14.1	0		28
46	0	5.9	0	23.4	18.8	10.7		9.6914	33.1	10.8	0		27
46.92	0	7.3	0	23	17	11		10.1211	33.5	7.5	0		26
47	0	7.7	0	22.08	15.3	10.2		10.3438	34	4.5	0		24
47	0	8.1	0	23	13.9	9.5		10.5664	34.3	2.2	0		23
47	0	8.8	0	22.77	13	8.2		10.7207	34.5	0.8	0		22
47	0	9.5	0	21.61	12.5	4.1		10.875	34.6	0.2	0		20
47	0	11.2	0	21	12.5	2		10.9805	34.3	0	0		19
47	0	11.3	0	20.3	12.8	0.6		11.0859	33.9	0	0		18
47.04	0	11.5	0	20.86	13.6	1.6		10.8262	33.7	0	0		16
49	0	10.9	0	22	14.6	2.1		10.5664	32.9	0.1	0		15
49.33	0	10.4	0	21.82	16	2		9.8333	32.1	0.6	0		14
49.51	0	11	0	21	17.6	1.6		9.1003	31.4	1.7	0		12
49	0.23	11.5	0	21	19.3	0		8.3672	30.4	3.5	0		11
49	0.54	11.9	0	21.65	21.1	0		8.0156	29.3	5.6	0		10
49	1.76	12.5	0	22	22.8	1.3		7.6641	28.8	8.1	0		8
49	4.18	12.3	0	18.15	24.4	1.8		5.8301	27.7	10.6	0		7
48.72	7.07	11.5	0	18	25.7	4.1		3.9961	25.7	13	0		6
48.87	9.64	11.3	0	17.72	26.4	5.1		3.7578	23.8	15.1	0		4
50	12.1	11.5	0	17.87	26.2	4.8		3.5195	22.8	17	0		3
50	14.59	11.9	0	19.59	24.8	4.9		4.1504	22.2	18.7	0		2
50	16.8	11.2		20	22.2	4.8		4.7813	21.2	20.2	0		0
50	18.71	11		18.18	18.5	4.6		5.0371	20.1	21.8	0		0
49.78	20.45	11.1		13.8	14.1	3.5		5.293	17.7	23.2	0		0
49	22.03	11.8		10.78	9.7	1.6		4.8711	15.5	24.7	0		0
49	23.45	12.7		10.38	5.9	0		4.4492	13.5	26.1	0		0
49.69	24.75	13.1		11	2.9	0		4.2383	9.9	27.5	0		0
50	25.97	12.4		10.31	1.1	0		4.0273	6.9	28.6	0		0
50	27.01	9.7		10.85	0.2	0		4.1927	3.5	29.7	0		0
50	28.09	6.2		7.01	0	0		4.3581	0	30.3	0		0
49.68	29.16	3.5		8.17	0	0		4.5234	0	30.6	0		0
49	30.21	1.1		8.68	0	0		3.3301	0	30.1	0		0
49	31.26	0.3		7.04	0	0		2.1367	0	28.7	0		0
48.2	32.15	0		7.28	0	0		2.75	0	26.7	0		0
48	33.05	0		6.41	0	0		3.3633	0	24	0		0
48	33.82	0		7.91	0	0		5.3555	0	20.7	0		0
48.27	34.61	0		10.11	0	0		7.3477	0	16.8	0		1
49	35.42	0		11	0.3	1.4		9.4336	0	13	0		2
49.58	36.09	0		11	0.9	1.6		11.5195	0	9.1	0		3
50	36.8	0		12.17	2.1	2.1		11.7168	0	5.5	0		4
50	37.38	0		13.74	4	2.5		11.9141	0	2.9	0		4
50	38.05	0		14	6.5	3.5		11.3848	2.8	1.2	0		5
50	38.68	0		16	9.1	6.2		10.8555	6	0.3	0		6
50	39.34	0		15.57	11.3	10		10.388	8.9	0	0		7
50	39.86	0		14	12.9	10.5		9.9206	10.8	0.2	0		8
50	40.41	0		14.53	13.9	12.4		9.4531	12	0.6	0		9
50	40.63	0		17.06	14.7	13.6		9.2051	13.4	1.5	0		9
50	39.81	0		18	15.5	15.5		8.957	15.3	2.7	0		10
50	37.98	0		17	16.6	16.9		8.8633	16	4.6	0		11
50	35.89	0		15.84	17.7	19.3		8.7695	17.8	6.8	0		12
50.47	33.71	0		14.68	18.9	20.5		8.6777	18.9	9.1	0		13
51	31.62	0		14	19.8	21.6		8.5859	19.8	11.5	0		13
51	29.47	0		14	20.6	22.6		8.543	20.8	13.8	0		14
51	28.02	1.6		14	21.1	23.4		8.5	21.6	16	0		15
51	26.56	3.5		14	21.5	24		8.5977	22.8	18	1.5		16
51	24.67	5.4		15.1	22	24.6		8.6953	23.6	19.7	3.3		16
51.42	22.02	8.1		16	22.5	25.4		8.6699	24.5	21.5	4.4		17
52	19.47	11		16	23	26.3		8.6445	25.3	22.8	5.1		18
52	16.04	14.3		16.57	23.4	27.2		8.623	26.4	24.2	4.7		19
52	12.49	16.7		14.07	23.9	25.1		8.6016	27.2	25.6	5.5		19
52	8.9	18		13.89	24.2	25.6		8.3542	27.8	26.7	6.6		20
52.2	5.63	19.1		14.95	24.4	25.7		8.1068	28.3	27.8	6.6		21
53	2.86	21.1		14	24.5	25.4		7.8594	29.1	29	7.3		21
53	0.73	22.8		14	24.5	23.9		7.2969	29.7	30.1	7.7		22
53	0	23.4		14	24.5	22.6		6.7344	30.6	31.2	8		23
53	0	23.8		14	24.6	20.8		5.1914	31.4	32.4	8		23
53	0	22.4		14.83	24.7	17.2		3.6484	31.3	33.4	6.9		24
53	0	20.7		14.01	25	14.6		2.5293	31.4	34.5	5.8		25
53	0	18.9		16.15	25.4	12.8		1.4102	31.5	35.5	4		25
53	0	16.2		17	25.9	11.4		0.70508	33.2	36.7	3.3		26
52.38	0	14.6		17	26.3	10.4		0	33.9	37.7	4.4		27
52	0	13.1		17.62	26.8	8.1		0	34.8	38.7	5.5		27
52.93	0	9.9		18.78	27.2	5.5		0	35.5	39.7	7.3		28
52.91	0	6.3		19.94	27.5	3.3		0	36.3	40.7	9.1		29
52.25	0	4.2		18.19	27.7	1.1		0	37.1	41.7	11		29
53	0	2.2		20.25	27.8	0.6		0.0013021	36.7	42.5	12.4		30
53	0.23	1.1		20.18	27.7	2.1		0.0026042	36	43.5	13.9		30
53	1.15	0.1		20.13	27.5	0.6		0.0039063	36.8	44.5	15		31
53	2.4	0		21.72	27.2	1.8		0.0019531	37.5	45.5	16.1		31
53	3.7	0		20.24	26.9	4.1		0	37.9	46.4	17.5		32
53	4.77	0		20.96	26.6	5.7		0	39.5	47.2	18.3		33
53	5.87	0		19.42	26.4	6.9		0	39.6	47.9	20.1		33
53	7.47	0		17	26.3	9.6		0	39.8	48.5	20.8		34
53	9.14	0		16.49	26.3	11.6		0	40	48.9	21.2		34
53	10.76	0		15.33	26.4	12.4		0	40	49.2	21.2		35
53.98	12.15	0		14.18	26.6	11.4		0	40	49.2	20.8		35
55	13.41	0		14	26.9	12.1		0.029297	35.8	49.2	20.5		36
55	14.41	0		11.72	27.2	12.9		0.058594	30.1	49	19.7		36
55	15.42	0		8.81	27.3	13.9		0.54688	25.9	48.7	19		37
55	16.09	0		6.91	27.2	15.4		1.0352	20.2	48.4	17.2		37
55	16.48	0		7.39	27	15.9		1.3711	13.7	48	16.1		38
55	16.89	0		7	26.3	16		1.707	9.5	48	15.3		38
55	17.21	0		7	25.4	15.5		2.043	6	48.2	15.3		39
55	17.51	0		7.91	24.4	15.7		2.2988	2.8	48.4	15.3		39
55	17.79	0		7.72	23.5	16		2.5547	0	48.7	16.1		40
55	18	0		9.2	22.9	15.3		2.9844	0	49.2	16.4		40
55	18.26	0		6.89	22.7	16.8		3.4141	0	49.7	17.2		40
55	18.47	0		5.29	22.9	19.1		9.4414	0	49.7	18.6		40
55	18.66	1.5		5.87	23.4	19.2		9.1816	0	49.7	19.7		40
55	18.86	3.3		4	23.9	20.8		8.9219	0	49.7	20.5		40
55	19.03	4.9		4.56	24.5	22.5		8.7969	0	49.7	20.8		40
54.5	19.16	6.6		7.34	25.1	23.1		8.4297	0	49.5	20.5		40
54.66	19.29	8.6		7.5	25.7	23.9		8.0625	0	49.4	20.1		40
55	18.98	10.3		7	26.2	24.8		8.0098	1.7	49.2	19.7		40
54.03	18.4	11.6		5.37	26.5	24.5		7.957	4.9	49.2	19		40
54	17.91	11.8		3.05	26.7	24.3		8.2891	7.9	49	18.6		40
54	17.48	11.8		3	26.8	23.4		8.5781	10.5	48.9	17.5		40
54	17.14	11.6		3.57	26.8	23.3		8.8672	12.4	48.5	16.8		40
54	16.77	11.3		5.44	26.8	22.9		9.0039	13.8	48.2	16.8		40
54	16.13	11.5		6.6	26.8	21.7		9.1406	15.8	47.9	16.8		40
54	14.16	11.6		4.72	26.8	21.1		9.7422	17.4	47.5	17.9		40
54	11.96	11.8		5.83	26.9	19.7		9.752	19	47	19		40
54	9.78	9.1		6	27	16.9		9.7617	20.3	46.5	20.1		40
54.77	7.44	6.2		6	27.1	16.4		9.707	21.7	46	21.6		40
56	4.9	4.1		6.39	27.2	15.4		9.6523	23.2	45.5	21.6		40
56	2.52	2.9		7	27.2	12.9		9.6172	24.4	45.2	22.3		40
56	0.89	3.6		7.7	27.1	11		9.7988	25.9	44.9	22.7		40
56.02	0.13	4.6		7.14	26.9	7.8		9.9805	28.2	44.7	22.7		40
57	0.1	5.5		7	26.6	3.8		10.543	28.4	44.7	22.3		40
56.67	0	4.5		7.53	26.3	0.6		11.1055	29.9	44.7	21.9		40
56	0	2.2		10.67	25.9	0		11.4766	30.6	44.9	20.1		40
56	0	1.5		10.53	25.4	0		11.4609	31.8	45	18.3		40
56	0	1		9.65	24.8	0		11.4453	32.8	45	17.5		40
56	0	1.8		10.81	24.1	0		11.1055	33.8	45	18.3		40
56	0	3.1		9.07	23.6	0		10.7656	35.1	45	19		40
56	0	4.7		8	23.3	0		11.1094	36	45	19.7		40
56	0	5.9		8.28	23.1	0		10.748	36.8	45.2	21.2		40
56	0	8.4		9.87	23.1	0		10.3867	37.5	45.4	21.9		40
56	0	9.6		9.81	23.2	0		10.0078	38.4	45.7	23.4		40
56.91	0	10.8		9	23.4	0		9.6289	39.1	46	23.7		40
57	0	11		9	23.6	0		8.793	39.7	46.5	24.5		40
57	0.12	10.7		5.07	23.8	0		8.543	40.2	46.7	25.6		40
57	0.25	10.6		6	24.1	0		8.293	40.6	46.9	25.9		40
57	0.35	10.5		6.76	24.3	0		8.2422	41.2	46.7	26.7		40
57	0.64	10.3		7.46	24.5	0		8.1914	42.3	46.5	27		40
57.85	0.84	10.1		7	24.7	0		7.6016	42.7	46.2	27.4		40
58	0.9	10.2		8.7	24.7	0		6.8516	43.9	45.9	27.4		40
58	0.9	9.3		12.02	24.5	0		6.1016	44.4	45.7	27		40
58	0.97	7.8		14	24.3	0		4.9727	44.4	45.5	26.7		40
58	1	6.7		13.68	24	0		3.8438	44.8	45.7	27		40
58	1	7.2		13	23.6	0		3.043	45.3	45.9	27		40
58	0.9	8.2		12.36	23.4	0		3.2891	45.1	46.2	27		40
58	1.25	9.5		12.8	23.2	0		3.5352	45.4	46.5	26.7		40
58	2.75	10.8		13	23.2	0		4.2598	45.9	46.9	26.7		40
58	4.99	11.9		13.11	23.1	0		4.9844	45.8	47.2	26.3		40
57.15	7.46	12.7		13.73	23.1	0.6		7.2539	45.7	47.2	25.6		40
56	9.89	13.4		13.85	23.1	1.9		8.0469	44.5	47.2	23.4		40
56	12.32	14.1		13.83	23.2	3.1		8.8398	44.5	47	21.4		40
56	14.63	13.2		12.26	23.4	4.9		10.1549	46.7	46.7	19.4		40
56	16.26	13.4		12.9	23.6	8		11.4701	45.9	46	17.4		40
56	17.26	13		13.11	24	9.4		12.7852	46.5	45	15.4		40
55.63	18.12	10.8		15.21	24.3	10.4		15.5195	45.3	43.4	13.4		40
55	18.65	7.7		16	24.7	11.6		15.7793	43.1	41	11.4		40
55	19.08	4.4		17.58	25	12.3		16.0391	42.9	37.9	9.4		40
55	19.41	1.8		19.69	25.3	13.1		15.959	39.2	33.9	7.4		40
55	19.4	2.1		19.16	25.6	14.1		15.8789	34.5	29.2	5.4		40
55	19.45	2.8		19	25.7	13.4		15.3711	30.2	23.8	3.4		40
55	19.72	2.2		18.84	25.7	12.8		16.0352	24	18	1.4		40
55	19.58	0.8		17.68	25.2	11.8		16.6992	19.3	12.1	0.7		40
55	19.16	0.1		16.05	24	10.9		18.1328	14.3	7.4	1.1		40
54.22	17.98	0		15	22.3	10		19.5664	9.8	3.5	0.4		40
54	16.57	0		13.43	20	7.5		19.582	5.7	1.2	0		40
54	15	0		13	17.1	5.7		19.2988	2.5	0.1	0		40
54	11.56	0		13.9	13.8	3.2		19.0156	0	0	0		40
54	8.14	0		12.48	10.5	0.6		18.877	0	0	0.7		40
54	5.22	0		11.42	7.3	0		18.7383	0	0	2.6		40
54	3.8	0		13.15	4.6	0		18.832	0	0	4.7		40
54	2.48	0		14	2.5	0		18.9863	0	0	7.3		40
54	0.75	0		14	1.1	0		19.1406	0	0	9.5		40
54	0	0		13.86	0.4	0		19.1836	0	0	12.1		40
54	0	0		10.8	0	0		19.2266	0	0	13.5		40
54	0	0		10	0	0		19.75	0	0	15.7		40
54	0	0		11.56	0	0		19.0977	0	0	17.5		40
54	0	0		11.65	0	0		18.4453	0	0	19.4		40
53.01	0	0		11.83	0	0		17.3555	0	0	20.8		40
50.86	0	0		12	0	0		16.2656	2.8	0	22.3		40
49.7	0	0		12.15	0	0		13.9336	5.9	0	23.7		40
48.54	0	0		12.08	0	0.2		12.752	8.9	0	25.2		40
47.39	0	0		9.54	0	1.8		11.5703	11.2	0	25.9		40
46.23	0	1.3		9.62	0	2.3		9.9648	13.1	0	26.3		40
45.07	0	2.7		10	0	2.6		8.3594	15.1	0	25.9		39
43.91	0.2	6.8		10.94	0	3.2		5.9648	17.3	0	25.6		37
42.51	1.17	9.5		10	0	5.1		4.7266	19	0	25.2		36
40.6	3.18	11.9		10	0	8.5		3.4883	21	0	23.4		35
39.44	5.67	15.9		10.41	0	11		2.3047	22.7	0	21.4		33
38.28	8.18	19.3		11	0	12.1		1.1211	24.4	0	19.4		32
37.13	10.53	21		11.72	0	13.7		0.89063	25.5	0	17.4		31
35.94	12.74	22.5		12.88	0	15.6		1.5	26.3	0	15.4		29
33.81	13.65	24.2		12	0	16.8		2.1094	27.7	0	13.4		28
32.66	14.22	24.2		12	0	19.2		3.5664	28.1	0	11.4		27
30.5	15.16	22.8		12	0	20.3		5.0234	28.2	0	9.4		25
28.34	16.25	21.3		12.51	0	21.6		7.8711	28.1	0	7.4		24
26.37	17.3	19.6		12.33	0	22.6		9.0098	28.3	0	6.2		23
25.03	17.78	17.9		11.18	0	23.4		10.1484	28.7	0	7.3		21
21.87	18.13	14.1		10.02	0	24		12.8379	26.7	0	8.8		20
19.85	18.28	9.1		10.14	0	24.6		15.5273	26.2	0	11		19
16.56	18.6	6.8		11.59	0.1	25.4		17.3203	25	0	12.8		17
15.4	18.76	4.8		13	0.4	26.3		17.9102	23.7	0	14.6		16
14.24	18.97	2.5		13.61	1.5	27.2		18.5	22.3	0	15.7		15
12.17	19.18	0.2		17.08	3.3	27		18.6719	20.1	0	16.8		13
10.71	19.41	0		18	5.6	25.9		18.752	17.8	0	18.3		12
6.08	19.59	0		20.08	8.2	25.1		18.832	15.9	0	19.7		11
2.61	19.82	0		21	11	23.4		19.1504	14.1	0.3	20.8		9
1.45	19.9	0		21	13.5	22.6		19.4688	13.3	1.2	22.3		8
0.3	19.78	0		21	15.6	21.6		20.0273	13.9	2.7	23.4		7
0	19.55	0		21.71	17.2	20.6		19.7734	14.8	4.8	24.5		5
0	19.16	0		22	18.7	17.3		19.5195	16	7.5	25.2		4
0	18.69	0		22.03	20	14.6		19.5195	17.2	10.1	26.7		3
0	18.43	0		22.63	21.5	12.2		18	18.4	12.8	27.4		1
0	17.38	0		20.31	23.1	10.7		16	19.1	15.1	28.5		0
0	15.5	0		19	24.8	9.1		14	20.2	17.1	29.2		0
0	13.8	0		18.34	26.4	5.2		12	21.2	18.7	30.3		0
0	12.31	0		20.45	27.9	4.7		10	22.5	20.2	31.1		0
0	10.67	0		21	29	3		10	22.4	21.7	31.4		0
0	9.42	0		22.26	29.6	0.6		10	23.7	23.1	31.4		0
0	8.09	0		24.86	29.6	0		10	24.3	24.2	31.4		0
0	6.6	0		26.56	29.1	0		10	24.8	24.8	31.1		0
0	4.86	0		27.2	28	0		10	25.3	25.6	31.1		0
0	3.61	0		28.76	26.1	0		10	25.4	26.2	30.7		0
0	3.14	1.6		31.75	23.5	0		10	26	26.8	30		0
0	2.88	2.7		30.93	20.3	0.1		10	26.3	27.7	29.2		0
0	2.68	3		29.77	16.5	1		10	26.5	28.7	28.1		0
0	2.69	3.8		29	12.4	0.9		10	27.2	30	25.9		0
0	2.63	5.1		29	8.5	0		10	27.5	31.1	23.9		0
0	2.6	7		29.7	5.1	0		10	27.7	32.2	21.9		0
0	2.53	8.4		30	2.6	0		10	28.5	33	19.9		0
0	2.5	9.9		31.02	1	0		10	29	33.2	17.9		0
0	2.5	11.3		31.82	0.2	0		10	29.4	33	15.9		0
0	2.68	13		30.67	0	0		10	29.9	32	13.9		0
0	3.56	14.5		28.53	0	0		10	30.3	30.3	11.9		0
0	4.35	15.5		27	0	0		10	30.8	28.2	9.9		0
0.19	4.18	16.6		27.81	0	0		10	31.3	25.8	7.9		0
1	3.9	17.5		28.96	0	0		10	32.8	23.2	5.9		0
1.51	4.78	17.1		30.12	0	0.9		10	32.1	19.8	3.9		0
2.66	6.24	17.9		31	0	3.1		10	32.9	16.1	1.9		0
4.64	8.05	16.8		31	0	4.6		10	32.8	11.8	0		0
6.96	10.04	16.4		32.19	0	5.9		10	32.5	8	0		0
8.86	12.05	16.1		33	0	8.3		10	30.8	4.5	0		0
7.71	13.79	16.4		33.91	0	7.8		10	29.6	2	0		0
7.45	15.31	16.4		34.93	0	7.4		10	27.4	0.6	0		0
9.22	16.28	16.1		34.44	0	7.8		10	24.5	0.2	0		0
10	16.43	16		36	0	7.7		10	20.3	0	0		0
9.08	15.75	14.7		36	0	7.5		10	16.7	0	0		0
10.08	14.64	13.1		36	0	7.1		10	13.7	0	0		0
11.24	13.99	11.7		35.15	0	6.4		10	10.3	0	0.4		0
12.79	12.32	9.4		34.99	0	5.1		10	7.3	0	2.2		0
14	9.35	6.8		34	0	3.4		10	4.9	0	4		0
12.58	5.15	4.1		34	0	3.8		10	2.5	0	6.6		0
12.87	1.08	2		34.48	0	1.8		10	0.6	0	9.1		0
13	0.15	0.2		33.72	0	2.3		10	0	0	10.2		0
13	0	0		33	0	1.5		10	0	0	11		0
13.68	0	0		31.09	0	1.2		10	0	0	12.1		0
15	0	0		32.11	0	0.6		10	0	0	13.9		0
15	0	0		33	0	0		10	0	0.2	15.3		0
13.37	0	0		32.15	0	0		10	0	0.5	17.2		0
12.03	0	0		30.42	0	0		10	0	1.2	18.3		0
12.26	0	0		30.74	0	0		10	1.3	2.2	19.7		0
14.29	0	0		32.8	0	0		10	3.8	4	20.8		0
14.56	0	0		32.94	0	0		10	6.6	6.1	22.7		0
15.2	0	0		31.76	0.8	0		10	8.9	8.5	23.7		0
16.76	0	0		31	2.2	0		10	10.6	10.6	24.8		0
17	0	0		32.06	4.1	0		10	12.2	12.1	26.3		0
17	0.54	0		33.69	5.8	0		10	13	13	27.4		0
17.23	3.28	0		32.31	7.1	0		10	13.9	12.8	28.5		0
18.77	7.3	0		31	7.7	1		10	15.1	12.3	29.2		0
20.54	10.56	0		31.16	7.7	2.8		10	16	11.1	30.7		0
19.6	13.49	0		31.68	7	5.2		10	16.6	10.1	31.8		0
18.14	16.27	0		29.11	6.3	8.7		10	17.2	9.3	32.5		0
17.98	18.74	0		26.37	5.5	11.5		10	17.9	8.8	33.2		0
17	20.88	0.2		26.79	4.9	13.2		10	18.7	8.8	34		0
16.34	22.68	2.3		27	4.3	14.4		10	19.2	9.3	34.7		0
15	24.44	3.3		26.8	3.9	15.6		10	19.7	10.1	35.1		0
15	25.78	4.1		24.22	3.6	16.7		12	20.1	11.6	36.2		0
15	25.65	5.9		22	3.6	19		14	20.4	13.1	36.5		0
15.96	23.71	8.6		20.28	3.7	20.2		16	21.5	15.1	37.3		0
12.35	22.31	11.3		19	3.8	21.4		18	22.1	17.2	38		0
15.28	22.38	15.5		17.22	3.9	22.6		20	22.5	19	39.1		0
14.27	22.83	17		18	3.9	23.4		20	23.1	20.1	39.1		0
12.59	23.59	18.2		18.2	3.8	23.9		20	23.6	20.2	39.8		0
12.25	24.69	20.1		19	3.5	24.6		20	24.4	19.3	40.2		0
9.28	26	22.8		19.52	3.2	25.3		20	24.9	18.1	40.6		0
8	26.52	24.1		20.68	2.8	26.1		20	25.6	17	40.9		0
8	26.83	25.3		20.17	2.4	27		20	26.2	16	40.9		0
8.38	26.76	25		16.04	2	27.9		20	26.8	15.6	40.9		0
9.53	26.94	23.8		16	1.7	28.8		20	26.9	15.3	40.9		0
10.69	27.28	22.5		15.69	1.4	29.7		20	25.4	14.8	41.6		0
11	27.91	21.2		15	1.1	28.6		20	24.9	13.6	42.4		0
9	28.83	19.3		15	0.7	26.9		20	22.8	11.6	43.1		0
9	29.94	17.4		15	0.5	22.6		20	20	9.1	43.8		0
9.32	30.98	14		15.94	0.2	13.4		20	17.1	6.5	43.8		0
10	31.95	9.6		16.91	0	6.8		20	16.7	4	43.5		0
9.36	32.94	6.8		16	0	0.8		20	16.8	2	43.1		0
9	33.94	4.2		16	0	0		20	17.6	0.8	42.7		0
9.95	34.88	1.7		16.57	0	0		20	18.3	0.2	41.6		0
14.33	35.68	0.1		15.55	0	0		20	19.1	0	41.3		0
17.53	35.46	0		12.36	0	0		20	19.5	0	40.6		0
19.42	34.15	0		10.96	0	0		20	20.9	0	39.8		0
20	32.48	0		10	0	0		20	21.7	0	39.5		0
20.74	31.94	0		10	0	0		20	23.5	0	39.5		0
21	32.13	0		9.49	0	0		20	23.8	0	39.5		0
21.11	32.51	0		9	0	0		20	24.8	0.2	40.2		0
23.84	32.83	0		7.35	0	0		20	25.8	0.6	40.2		
27	31.85	0		6.02	0	0		20	27	1.3	40.6		
27	29.25	0		6.72	0	0		20	27.3	2.4	40.2		
29.05	26.18	0		4.7	0	0		20	28.1	3.7	40.9		
32.52	22.75	0		4.45	0	1.9		20	28.9	5	41.3		
31.01	19.47	0		5.61	0	3.2		20	29.6	6.5	41.6		
31	16.14	0		4.46	0	1.8		20	30.1	8.3	42.4		
31.62	12.37	0		3.07	0	1.8		20	31.2	10	42.4		
33	8.44	0		3.92	0	0		20	31.9	11.3	43.1		
32.37	5.04	0		2.76	0	0.1		20	32.3	12.1	43.1		
30.43	2.12	0		1.2	0	0		20	33.7	12.1	42.7		
30	0.33	0		0	0	0		20	34	11.6	42.7		
30	0.36	0.6		0	0	0		20	34.9	10.3	42.4		
30.51	2.46	2.4		0	0	0		20	34.1	9.1	41.3		
32.41	6.28	4.8		0	0	0		20	36.2	8	40.2		
33	9.4	7.5		0	0	0		20	37.1	7.3	38.4		
32.27	12	10		0	0	1.1		20	37.2	6.8	36.9		
32	14.52	11.9		0	0	2.4		20	36.7	6.5	34.9		
31.04	16.68	13.2		0	0	3.1		20	35.7	6.5	32.9		
32.2	18.36	14.1		0	0	4.6		20	35.8	7	30.9		
33.36	19.35	13.8		0	0	5.7		20	35.5	7.9	28.9		
34	20.32	13.3		0	0	6.5		20	36.5	9.1	26.9		
34	20.96	12.7		0	0	6.4		20	36.5	11	24.9		
34	20.58	11.6		0	0	5.7		20	36.5	12.8	22.9		
33.01	19.93	9.5		0	0	4.8		20	35.2	14.3	20.9		
31.86	19.97	7.2		0	0	5.5		20	34.3	15.3	18.9		
30.1	20.29	4.1		0	0	5		20	33.2	15.8	16.9		
26.17	20.68	2.1		0	0	4.6		20	32.2	16.1	14.9		
23.39	20.95	1.3		0	0	1.9		20	31.3	16.2	12.9		
21.46	21.15	1.1		0	0	1.8		20	29.1	17	10.9		
17.28	21.39	1.5		0	0.3	0		20	29.6	17.7	8.9		
15.83	21.81	2.3		0	0.9	0		18	30.5	18.5	6.9		
13.76	22.26	3		0	2.2	0.1		16	29.8	19.2	5.5		
12.6	22.64	4.5		0	4.1	1.1		14	27.7	19.8	6.2		
10.33	22.71	6.2		0	6.5	0.1		12	24.5	20.1	6.9		
8.28	22.58	7.5		0	9.1	0		10	21.4	20.2	7.7		
5.38	22.28	8.4		0	11.4	0		10	17.4	19.7	9.1		
2.91	21.41	8.3		0	13	0		10	14	18.7	11.3		
0	20.2	8.4		0	14.1	0		10	10.8	17.6	12.1		
0	19.06	8.6		0	14.9	0		10	8.1	16.6	13.2		
0	18.39	8.8		0	15.4	0		10	4.9	16.1	13.5		
0	18.43	8.6		0	15.8	0		10	1.9	15.8	13.5		
0	18.78	7		0	16	0		10	0	16	13.2		
0	19.36	6.5		0	16.2	0		10	0	15.6	12.1		
0	19.65	6.5		0	16.2	0		10	0	14.6	9.9		
0	18.8	6.8		0	16.1	0		10	0	12.8	8		
0	16.84	5.4		0	15.5	0		10	0	10.3	5.8		
0	14.77	3.8		0	14.4	0		10	0	7.6	5.8		
0	12.63	4.1		0	12.6	0		10	0	5.1	6.2		
0	10.51	3.9		0	10.6	0		10	0	3	6.2		
0	8.47	4		0	8.3	0		10	0	1.3	6.2		
0	7.22	4.3		0	6.4	0		10	0	0.5	6.6		
0	7.35	4.2		0	4.9	0		10	0	0.1	5.8		
0	7.57	2.4		0	4	0		10	0	0	5.5		
0	7.59	0.8		0	3.4	0		10	0	0	5.1		
0	7.25	0.4		0	3.4	0		10	0	0	5.5		
0	6.5	0		0.64	3.9	0		10	0	0	5.1		
0	6.48	0		1.8	4.7	0		10	0	0	4.4		
0	6.12	0		3.91	5.6	0		10	0	0	2.9		
0	5.26	0		3.78	6.5	0		10	0	0	0.7		
0	4.55	0		1.73	8	0		10	0	0	0.7		
0	4.04	0		1.85	9.8	0		10	0	0	1.8		
0	3.53	0		2.42	12.3	2.3		10	0	0	2.2		
0	3.12	0		4.22	14.9	4.6		10	0	0	2.6		
0	2.11	0		4.1	17.5	7.9		10	0	0	2.9		
0	1.35	0		4.11	19.6	9.9		10	0	0	3.7		
0	0.73	0		6	21.1	10.6		10	1	0	3.3		
0	0.23	0		6.74	21.9	11.9		10	2	0	3.3		
0	0	0		8	22.5	11.9		10	2	0	2.9		
0	0	0		8.69	22.8	13		10	2	0	2.6		
0	0	0		9.84	22.7	14.7		10	2.2	0	2.2		
0	0	0		9	22.1	16.8		10	4.5	0	2.6		
0	0	0		7.16	21	19		10	6.8	0	2.6		
0	0	0		8.32	19.8	20.1		10	9.3	0	2.6		
0	0	0		8.53	18.6	21.3		10	11.3	0	2.2		
0	0	1		6.11	17.5	22.5		10	13	0	2.2		
0	0	2.6		3.43	16.7	23.4		10	14.4	0	2.2		
0	0	4.2		2.06	16.2	23.8		10	15.9	0	1.8		
0	0	7.4		0	15.6	24.5		10	17.3	0	2.2		
0.51	0	10.5		0	15	25.3		10	18.7	0	1.5		
0.33	0.22	12.4		0	14.3	26.2		10	20.1	0	1.8		
0	0.96	14.1		0	13.8	27		10	21.2	0	1.5		
0	2.24	15.3		0	13.3	28		10	22.4	0	1.5		
0	3.98	16.4		0	12.9	28.1		10	23	0	0		
0	5.95	18.9		0	12.6	25.7		10	24.3	0	0		
0	7.71	21.1		0	12.4	23.9		10	25.4	0	0		
0	9.27	22.3		0	12	22.7		10	26.2	0	0		
0	10.78	23.3		0	11.5	21.1		10	27.5	0	0		
0	12.22	24.2		0	10.9	16.6		10	28.1	0	0		
0	13.6	23.3		0	10.3	14.4		10	28.3	0	0		
0	14.91	22.1		0	9.6	15.3		10	28.1	0	0		
0	16.04	20.2		0	8.5	16.1		12	28.4	0	0		
0	17.05	18.2		0	6.9	17.4		14	31	0	0		
0	17.84	15.5		0	4.9	18.7		16	29.7	0	0		
0	18.37	12.7		0	3.1	19.4		17.9624	29.6	0	0		
0	18.98	7.1		0	1.5	19.1		19.5283	30.2	0	0		
0	19.61	2.2		0	0.4	17.6		20	31.4	0	0		
0	20.25	0.2		0	0	14.8		20	32.1	0	0		
0	20.82	0		0	0	11.7		20	32.2	0	0		
0	21.13	0		0	0	11.3		20	33.3	0	0		
0	21.4	0		0	0	11.8		20	33.8	0	0		
0	21.78	0		0	0	11.8		20	34.2	0	0		
0.13	22.31	0		0	0	10.5		20	34.5	0	0		
0.71	22.87	0		0	0	10		20	34	0	1.8		
0	23.38	0		0	0	9.6		20	33.8	0	4		
0	23.79	0		0	0	10.7		20	33.8	0	5.1		
0	24.25	0		0	0	11.9		20	33.7	0	4		
0	24.71	0		0	0	11.1		20	34.4	0	2.2		
4.15	25	0		0	0	8.3		20	35	0	0.7		
6	25.17	0		0	0	8.3		20	35.3	0	0.7		
6	25.37	0		0	0	7		20	35.8	0	2.2		
6	25.84	0		0	0	6		20	36.2	0	2.6		
5.3	26.35	0		0	0	4.2		20	36.6	0	2.6		
4.14	26.79	0		0	0	4.7		20	36.3	0	2.6		
1.96	27.14	0		0	0	5.1		20	35.7	0	2.6		
0	27.4	0		0	0	4.7		20	34.4	0	2.6		
0	27.51	1.3		0	0	4.6		20	34.6	0	2.9		
0	27.61	2.4		0	0	0.9		20	34.1	0	2.9		
0	27.69	3.6		0	0	0		20	32.5	0.6	3.3		
0	27.64	5.4		0	0	0		20	34.7	2	3.7		
0	27.5	6.7		0	0	0		20	35.8	4	3.7		
0	27.35	7.9		0	0	0		20	36.4	6.9	3.3		
0	27.32	9		0	0	0		20	36.9	10.1	2.9		
0	27.23	10		0	0	0		20	36.9	13.3	2.9		
0	27.15	10.7		0	0	0		20	36.7	16.3	2.9		
0	27.1	11.5		0	0.3	0		20	37	19.2	2.9		
0	27.1	11.8		0	0.9	0		20	36.7	21.7	2.9		
0	26.95	12.5		0	1.8	1.4		20	36.6	24.1	2.9		
0	26.81	12.9		0	2.4	4.3		20	35.6	26.2	3.3		
0	26.66	13.7			3.1	8.1		20	35.7	28.2	3.3		
0	26.41	14.1			3.6	9.2		20	33.9	29.7	2.9		
0	26.25	14.5			4.1	8.9		20	35.2	30.8	2.9		
0	25.86	14.8			4.5	8.3		20	35.5	31.8	2.6		
0	25.61	15			4.9	7.2		20	35.3	32.7	0.4		
0	25.45	15.3			5.1	6.4		20	36.3	33.4	0		
0	25.22	15.5			5.7	6.8		20	38.3	34.2	0		
0.48	25.07	15.7			6.6	9.3		20	37.8	35	0		
1.64	25.13	15.7			7.7	11.7		20	34.4	36	0		
0.41	25.14	15.2			8.6	13.1		20	32.8	36.7	0		
0	24.94	15.6			9.3	14.6		20	29.1	37.2	0		
0	24.73	15.5			9.2	16.5		20	30.7	37.5	0		
0	24.49	15.6			8.5	15.6		20	27.5	37.5	0		
0	24.23	15.4			7.3	13.4		20	25.3	37.5	0		
0	23.82	14.7			6	11.8		20	23	37.4	0		
0	23.19	15.2			4.9	10.5		20	20.8	37.2	0		
0	22.6	15.3			4	9.1		20	18.5	37	0		
0	21.78	15.3			3.2	9.5		20	14.8	36.7	0		
0	20.49	15.3			2.6	10.7		20	11.6	36.5	0		
0	17.8	15.3			2.2	12.9		20	8.7	36.4	0		
0	15.09	15.3			2	12.8		20	5.3	36.4	0		
0	12.18	15.2			2.3	12.9		20	3.3	36.5	0		
0	8.33	15.3			3.3	11.8		20	0	36.7	0		
0	4.87	15.4			4.8	11		18	0	36.7	0		
0	2.48	15.1			6.5	9.6		16	0	36.7	0		
0	1.28	15.5			8.1	4.3		14	0	36.5	0		
0	0.42	16			9.2	3.5		12	0	36.4	0		
0	0.1	16.4			9.6	0.6		10	0	36.2	0		
0	0	17			9.5	0		10	0	36.5	0		
0	0	16.8			9.1	0		10	0	36.7	0		
0	0	17.4			8.7	0		10	0	37	0		
	0	17.9			8.3	0		10	1.8	37.2	0		
	0	16.8			8	0		10	4.1	37.2	0		
	0	15.4			7.8	0		10	6	37	0		
	0	13.6			7.6	0		10	8.2	36.5	0		
	0	11.2			7.5	0		10	9.6	35.7	0		
	0	8.3			7.3	0		10	10.9	34.5	0		
	0	4.9			7	2.4		10	12.6	33.2	0		
	0	1.6			6.7	4.7		10	13.5	31.3	0		
	0	0.1			6.3	6.8		10	15.5	29.3	0		
	0.1	0			5.9	9.2		10	15.7	27.3	0		
	0.46	0			5.6	8.4		10	16.5	25.7	0		
	1.91	0			5.4	8.4		10	17.4	24.1	0		
	4.21	0			5.1	7.4		10	18.6	22.8	0		
	6.78	0			4.8	6.4		10	19	21.7	0		
	9.43	0			4.5	6.6		10	20.3	20.7	0		
	11.96	0			4	8.4		10	21.2	19.3	0		
	14.04	0			3.6	11.9		10	21.7	17.6	0		
	15.82	0			3.1	13.6		10	22.5	15.5	0		
	17.07	0			2.6	15.1		10	23.2	13.1	0		
	17.9	0			2.2	16.7		10	23.6	10.3	0		
	18.36	0			1.8	16.1		10	24.5	7.3	0		
	18.67	0			1.5	13.7		10	25.2	4.8	0		
	18.92	0			1.1	11.3		10	26.2	2.7	0		
	19.07	0			0.7	8.9		10	27.3	1.2	0		
	19.25	0			0.4	9		10	27.8	0.3	0		
	19.33	0			0.2	10.5		10	28.7	0.1	0		
	19.46	0			0	12.7		10	29.5	0	0		
	19.57	0			0	13.2		10	30.3	0	0		
	19.63	0			0	13.7		10	30.3	0.2	0		
	19.68	0			0	12.7		10	30.8	1	0		
	19.79	0			0	11.8		10	31.4	2.5	0		
	19.96	0			0	10.8		10	31.8	4.9	0		
	19.98	0			0	9.2		10	31.9	7.9	0		
	19.99	0			0	4.7		10	32.5	11.1	0		
	20.04	0			0	2.7		10	32.8	14.3	0.3		
	20.05	0			0	1.9		10	33.3	16.8	0.2		
	19.64	0			0.2	0.6		10	34	18.7	0.3		
	18.85	0			0.6	0.2		10	34.2	19.5	0.2		
	17.94	0			1	2.4		10	34.4	19.3	0.9		
	17.17	0.3			1.9	5.1		10	34.2	18.3	1		
	16.68	0.6			3.2	6		10	34.9	17.2	0.3		
	16.23	2.8			4.9	6.4		10	34.5	16.2	0.1		
	15.7	4.9			6.5	6.5		10	33.5	15.6	0.2		
	15.33	7.1			8.2	6.9		10	33.5	15.8	0.1		
	15.64	11.7			9.5	6.8		10	32	16.7	0.3		
	16.35	13.4			10.2	6.2		10	32.5	17.3	0.3		
	17.14	14.9			10.4	5.2		10	32.9	17.5	1.4		
	17.68	17.7			10.3	1.6		10	33.3	16.7	2.5		
	18.22	20.1			9.6	2.3		10	33.7	14.8	3.4		
	18.51	20.6			8.2	0		10	31.9	12	4.3		
	18.58	20.9			6.3	0		10	31.5	8.6	5.2		
	18.54	21.4			4.2	0		10	31.2	5.5	6.2		
	18.31	23.5			2.4	0		10	31.4	3	7.2		
	17.29	24			0.9	0		12	31.7	1.2	8.2		
	16.24	24.3			0.2	0		14	32.2	0.4	9.1		
	15.67	23.9			0	0		16	32	0	9.4		
	14.99	23.5			0	0		17.2912	32.4	0	8.6		
	13.38	22			0	0		18.2532	33	0	7.4		
	10.91	19.4			0	0		19.1436	33	0	5.4		
	7.84	17.1			0	0		19.9614	32.7	0	3.4		
	3.86	14.7			0	0		20	32.1	0	2.7		
	0.75	10.1			0	0		20	30.4	0	0.9		
	0.1	6.4			0	0		20	31	0	0.2		
	0	4.7			0	0		20	31.2	0	0.2		
	0	3.3			0	0		20	30.4	0	0.5		
	0	2.2			0	0.7		20	30	0	0.4		
	0	1.1			0	1.1		20	30	0	0.2		
	0	0.1			0	1.4		20	30	0	0.1		
	0	0			0	1.6		20	29	0	0.2		
	0	0			0	0.1		20	27.4	0	0		
	0	0			0	0		20	27	0	0		
	0	0			0	0		20	29.2	0	0		
	0	0			0	0		20	24.6	0	0		
	0	0			0	0		20	23.8	0	0		
	0	0			0	0		20	22.8	0	0		
	0.26	0			0	0		20	19.8	0	0		
	1.18	0			0	0		20	17.2	0	0		
	3.06	0			0	0		20	14.4	0	0		
	5.6	0			0	0		20	10.8	0	0		
	8.23	0			0	0.9		20	8	0	0		
	10.87	0			0	2.1		20	4.4	0	0		
	13.34	0			0	3.9		20	0.8	0	0		
	15.3	0			0	5.1		20	0	0	0.3		
	15.99	0			0	5.4		20	0	0	1.4		
	16.36	0			0	5.5		20	0	0	2.7		
	16.85	0			0	4.8		20	0	0	4.4		
	17.34	0			0.3	3.7		20	0	0	5.7		
	17.7	0			0.6	1.5		20	0	0	6.5		
	18.01	1.7			1	1.8		20	0	0	7.6		
	18.29	4			1.9	0.9		20	0	0	9		
	18.52	5.9			3.4	0.6		20	0	0	10.6		
	18.7	7.3			5.5	0		20	0	0	11.7		
	18.89	7.7			7.9	3.1		20	0	0	12.7		
	19.06	8.1			10.1	7.7		20	0	0	14.2		
	18.77	8.8			12.1	9.2		20	0	0	15.8		
	17.65	9.5			13.8	10.6		20	0	0	16.6		
	16.59	11.2			15.4	10.5		20	0	0	16.3		
	14.68	11.3			17	12.1		20	0	0	15.7		
	11.97	11.5			18.7	14		20	0	0	15.6		
	9.04	10.9			20.1	15.1		20	1.6	0	15.9		
	5.88	10.4			21.1	16.3		20	3.6	0	16.3		
	2.76	11			20.8	18.3		20	6	0	16.7		
	0.6	11.5			19.1	18.5		20	7.2	0	16.9		
	0	11.9			16	19.7		20	10.3	0	16.1		
	0	12.5			12	21.1		20	11	0	14.7		
	0	12.3			7.8	22.6		20	11.6	0	12.7		
	0	11.5			4.4	23.6		20	12.5	0	10.7		
	0	11.3			2	23.9		20	13.2	0	8.7		
	0	11.5			0.7	24.6		20	13.6	0	6.7		
	0	11.9			0.2	25.2		20	14	0.1	4.7		
	0	11.2			0.3	24.9		20	14.8	0.4	3.2		
	0	11			0.7	25.3		20	11.8	0.8	2.1		
	0	11.1			1.1	25.7		20	11	1.3	1.1		
	0	11.8			1.3	25.7		20	9.4	2.5	1		
	0	12.7			1.4	25.4		18	7.2	4	0.9		
	0.18	13.1			1.3	26		16	5.4	5.6	1.4		
	1.65	12.4			1.1	26.5		14	3.8	7.5	1.8		
	5.71	9.7			0.8	25.6		12	1.7	9.1	0.9		
	9.38	6.2			0.5	24.6		10	0	10.1	0.1		
	12.42	3.5			0.2	23.3		10	0	11.1	0		
	13.56	1.1			0	22.2		10	0	12	0		
	13.74	0.3			0	17.7		10	0	13.3	0		
	14.51	0			0	15.4		10	0	15.3	0		
	15.32	0			0	15.6		10	0	18	0		
	16.76	0			0	15.5		10	0	20.7	0		
	18.72	0			0	13.1		10	1.7	23.5	0		
	20.78	0			0	8.9		10	3.9	26.1	0		
	22.74	0			0	7.8		10	6.3	28.3	0		
	24.52	0			0	5.4		10	8.1	30.5	0		
	26.3	0			0	1		10	9.9	32.4	0		
	26.81	0			0	0.6		10	11.2	33.9	0		
	25.48	0			0	0		10	13.5	35	0		
	25.46	0			0	0		10	14.1	36	0		
	26.24	0			0	0		10	14.8	36.5	0		
	27.37	0			0	0		10	16.3	36.5	0		
	28.73	0			0	0		10	16	36	0		
	29.36	0			0.4	0		10	16.7	34.7	0		
	27.82	0			0.9	0		10	17.3	32.5	0		
	24.38	0			1.5	0		10	18	29.3	0		
	20.99	0			2	0		10	17.9	25.8	0		
	16.35	0			2.5	0		10	19.3	22	0		
	11.31	0			2.8	0		10	20.1	18.1	0		
	6.18	1.6			3.1	0.9		10	20.5	14.3	0		
	2.52	3.5			3.4	3		10	20.7	10.6	0		
	0.55	5.4			3.6	2.8		10	21.4	7.4	0.1		
	0.34	8.1			3.8	2.4		10	21.9	4.8	0.2		
	2.28	11			4	2.8		10	21.9	2.7	0.9		
	5.91	14.3			4	3.5		10	23	1.3	1.6		
	8.97	16.7			3.9	4.7		10	22.7	0.6	2.7		
	11.59	18			3.6	6.4		10	23.2	0.4	3.5		
	12.43	19.1			3.2	7.7		10	23.3	0.3	4.2		
	10.6	21.1			2.8	7.2		10	22.1	0.2	5		
	8.23	22.8			2.4	7.2		10	20.8	0.1	5.9		
	5.91	23.4			2	7.7		10	18.5	0	6.8		
	4.74	23.8			1.6	7.7		10	14.8	0.1	7.6		
	3.22	22.4			1.2	7.4		10	11.3	0.8	8.6		
	1.52	20.7			0.8	7		10	7.6	2.2	9.8		
	0.37	18.9			0.5	6.3		10	4.8	4.4	10.9		
	0.45	16.2			0.2	5.9		10	0	7.3	12.4		
	2.79	14.6			0	5.7		10	0	10.5	14.4		
	6.47	13.1			0	6.1		10	0	13.8	16.3		
	9.47	9.9			0	6.9		10	0	16.3	16.4		
	12.09	6.3			0	8.7		10	0	18.1	15.4		
	14.41	4.2			0	8.9		10	0	19.1	14.6		
	13.91	2.2			0	9.7		10	0	20	14.5		
	11.78	1.1			0	9.5		10	0	20.5	14.8		
	8.82	0.1			0	9.1		10	0	21.6	15.4		
	6.23	0			0	8.8		10	0	23.2	15.9		
	3.54	0			0	8		10	0	25.2	16.7		
	1.04	0			0	7.3		10	0	27.3	17.7		
	0.1	0			0	6		10	0	29.7	18.8		
	0	0			0	5.7		10	0	31.8	20.2		
	0	0			0	5.2		10	0	33.7	21.6		
	0	0			0	4.1		10	0	35	22.8		
	0	0			0	5.1		10	0	35.2	24		
	0	0			0	4.6		12	1.5	34.5	25.2		
	0	0			0	3.6		14	3.4	32.7	25.9		
	0	0			0	3.9		16	7	30	26.6		
	0	0			0	2.3		18	7.5	27	25.8		
	0	0			0	3		20	9.7	23.5	24.7		
	0	0			0	1.8		20	7.2	20	24.3		
	0	0			0	0.6		20	12.4	16.2	24.3		
	0	0			0	0		20	14.2	12.6	24.6		
	0.22	0			0	0		20	9.6	8.8	25.1		
	1.63	0			0	0		20	19.3	5.8	25.8		
	5.13	0			0	0		20	20.6	3.4	26.7		
	8.45	0			0	0		20	20.9	1.6	27.8		
	10.86	1.5			0	0		20	21.6	0.6	28.8		
	13.01	3.3			0	0		20	22	0.2	28.2		
	14.99	4.9			0	0		20	24.3	0	26.8		
	16.85	6.8			0	0		20	26	0	24.8		
	18.42	8.6			0	0		20	25.8	0	22.8		
	19.17	10.3			0	0		20	25	0	20.8		
	20.07	11.6			0.3	0		20	24.7	0	18.8		
	21.18	11.8			1.1	2.4		20	25.3	0	16.8		
	22.52	11.8			2.6	4.4		20	19.8	0	14.8		
	23.54	11.6			4.6	5.7		20	23.6	0	12.8		
	24.7	11.3			6.6	8		20	20.9	0	10.8		
	25.5	11.5			8.3	10		20	20	0	8.8		
	26.21	11.6			9.2	10.8		20	17.9	0	7		
	27.02	11.8			9.1	12.9		20	12.9	0	6.7		
	27.93	9.1			8	15		20	9.5	0	7.2		
	28.5	6.2			6.3	16.7		20	6.9	0	8.3		
	28.54	4.1			4.4	18.8		20	3.6	0	9.3		
	28.75	2.9			2.6	20		20	2.2	0.1	10.4		
	28.72	3.6			1.2	21.1		20	0	0.5	11.6		
	28.72	4.6			0.4	22.3		20	0	1.7	13		
	28.78	5.5			0.1	22.8		20	0	3.7	14.5		
	29.1	4.5			0	22.9		20	0	6.5	16		
	29.65	2.2			0	23.1		20	0	10.3	17.9		
	30.51	1.5			0	23.8		20	0	14.6	20		
	31.12	1.8			0	23.6		20	0	19.2	22.3		
	30.33	3.1			0	23		20	0	23.7	24.3		
	28.31	4.7			0	23.3		20	0	27.7	26.3		
	26.37	5.9			0	23.8		20	0	31.1	27		
	24.39	8.4			0	24.4		20	2.3	33.5	26.9		
	22.38	9.6			0	25		20	4.8	35	26.7		
	20.4	10.8			0	24.9		20	7.4	35.5	26.6		
	18.3	11			0	24.4		20	10	35.7	26.6		
	16.19	10.7			0	24.3		20	11.6	35.4	26.6		
	14.01	10.6			0	24.3		20	12.9	34.2	26.5		
	11.8	10.5			0	24.6		20	16.1	32.9	26.5		
	9.63	10.3			0	24.3		20	16.3	31.5	26.5		
	7.58	10.1			0	23.1		20	17.5	30	26.5		
	6.53	10.2			0	19.1		20	20.2	28.6	26.3		
	6.79	9.3			0	15.4		20	21.4	27.6	25.6		
	7.19	7.8			0	13.4		20	22	26.7	23.4		
	7.7	6.7			0	11		20	22.6	25.7	22.5		
	7.95	7.2			0	7.7		20	23.5	24.5	21.9		
	6.8	8.2			0	4.2		20	25.2	22.6	21.2		
	5.56	9.5			0.2	0.7		20	26.7	20.2	20.9		
	4.67	10.8			0.8	0		20	27	17.7	21		
	3.98	11.9			1.7	0		20	28.4	14.6	21.3		
	3.22	12.7			2.8	0		20	25.9	12	21.7		
	2.03	13.4			4	0		20	21.7	10.5	22.1		
	0.72	14.1			5.1	0		20	22.8	10.3	22.9		
	0.13	13.2			6.1	0		17	19.4	11.3	23.8		
	0	13.4			7	0		14	15.4	13.8	24.6		
	0	13			7.9	0		11	10	17.2	25.7		
	0	10.8			8.7	0.6		8	5	20.7	26.8		
	0	7.7			9.4	2.8		5	0	24	28.2		
	0	4.4			9.9	3.8		3	0	26.8	29.4		
	0	1.8			10.4	4.4		0	0	29.2	30.5		
	0	2.1			11	5.6		0	0	31.1	31.3		
	0	2.8			11.8	6.9		0	0	32.5	32.1		
	0	2.2			12.8	10.6		0	0	33.9	32.7		
	0	0.8			13.7	12.4		0	0	35	33.3		
	0	0.1			14.4	14.3		0	0	36	33.2		
	0	0			14.7	15.1		0	0	36.7	32.9		
	0.75	0			14.5	14.7		0	0	36.7	32.8		
	3.89	0			14	14.1		0	0	36.4	32.6		
	7.33	0			13.3	12.9		0	0	35.7	32.5		
	10.04	0			12.6	11.9		0	0	35.2	32.6		
	12.59	0			11.9	12.1		0	2.5	35.2	32.8		
	14.88	0			11.3	14.1		0	4.1	36	32.9		
	15.07	0			10.8	13.9		0	6.1	37.5	32.7		
	14.56	0			10.2	15.3		0	8.7	39.7	31.9		
	14.2	0			9.4	16.4		0	10.5	42	31		
	12.13	0			8.3	17.9		0	12.5	44.2	30.1		
	9.67	0			6.6	16.8		0	13.1	46	29.2		
	7.38	0			4.8	15.8		0	13.5	47.2	28.2		
	5.2	0			2.9	14.6		0	13.9	47.7	27.1		
	2.79	0			1.4	14.1		0	15.1	47.7	26.2		
	0.74	0			0.5	13.6		0	16.2	47.5	25.4		
	0	0			0.1	14		0	15.8	47	24.9		
	0	0			0	14.5		0	15.9	46.4	24.6		
	0	0			0	14.4		0	14.5	45.5	24.6		
	0	0			0	14.6		0	13.8	44.5	24.4		
	0	1.3			0	14.3		0	14.4	43.4	24.5		
	0	2.7			0	13.4		0	16.1	42.4	24.4		
	0	6.8			0	12.3		0	17	41.5	24.3		
	0	9.5			0	9.6		0	19	41.2	24.3		
	0	11.9			0	6.6		0	19.3	41.2	24.3		
	0	15.9			0	4.4		0	19.3	41.2	24.4		
	0	19.3			0	4.6		0	19.2	40.9	24.4		
	0	21			0	3.2		0	19.5	40	24.5		
	0.15	22.5			0	1.8		0	20.2	38.9	24.6		
	1.13	24.2			0	0.6		0	20.5	37.7	24.7		
	4.47	24.2			0	0		0	21.4	36.7	24.8		
	8.03	22.8			0	0		0	22.6	35.7	24.9		
	10.88	21.3			0	0		0	24	35	25		
	13.51	19.6			0	0		0	25.5	34	25.1		
	15.98	17.9			0	0		0	27.2	32.7	25.3		
	18.1	14.1			0	0		0	27.9	30.8	25.4		
	19.96	9.1			0	0		0	26.8	28.5	25.6		
	21.69	6.8			0	0		0	26.6	25.8	25.7		
	23.21	4.8			0	0		0	26.6	23	26		
	24.66	2.5			0	0		0	25.9	19.8	26.1		
	25.97	0.2			0	0		0	27.8	16.6	25.8		
	27.2	0			0	0		0	29.2	13.3	25.1		
	28.34	0			0	0		0	29.2	10.3	24.1		
	29.44	0			0	0		0	29.7	7.8	21.9		
	30.59	0			0	0		0	30.4	5.9	19.9		
	31.66	0			0	0		0	31.5	4.1	17.9		
	32.66	0			0	0		0	31.8	3	15.9		
	33.62	0			0	0		0	32.2	2	13.9		
	34.57	0			0	0		0	33	1.2	11.9		
	35.45	0			0	0		0	33.8	0.6	9.9		
	36.03	0			0	0		0	33.3	0.2	7.9		
	34.66	0			0	0		0	33.1	0	5.9		
	31.01	0			0	0		0	31.8	0	3.9		
	27.98	0			0	0		0	31.8	0	3.9		
	24.96	0			0	0		0	31.4	0	2.3		
	21.03	0			0	0		0	32.2	0	1.5		
	17.2	0			0	0		0	31.4	0	0.5		
	13	0			0	1.1		0	31.6	0	0		
	8.36	0			0	3.6		0	31.5	0	0		
	4.44	0			0	5.9		0	32	0	0		
	1.73	1.6			0	9.2		0	31.4	0	0		
	0.33	2.7			0	10.9		0	32.1	0	0		
	0	3			0	12		0	28.6	0	0		
	0	3.8			0	13.3		0	29.9	0	0		
	0	5.1			0	14.2		0	27.3	0	0		
	0	7			0	14.7		0	26	0	0		
	0	8.4			0	15.7		0	23.6	0	0		
	0	9.9			0	16.5		0	20.6	0	0.3		
	0	11.3			0	18		0	15	0	1.2		
	0	13			0	18		0	10.1	0.1	2.9		
	0	14.5			0	19		0	4.9	0.3	4.4		
	0	15.5			0	20		0	1	0.5	5.8		
	0	16.6			0	20.5		0	0	0.6	7.3		
	0	17.5			0	19.9		0	0	0.8	9		
	0.1	17.1			0	17.7		0	0	1	10.7		
	0.83	17.9			0	18.4		0	0	1	12.9		
	3.01	16.8			0	18.6		0	0	1	15.4		
	5.61	16.4			0	18		0	0	1	16.6		
	8.25	16.1			0.3	16.4		0	0	1.1	16.3		
	10.47	16.4			0.7	15.2		0	0	1.7	16.2		
	12.04	16.4			1.6	14.3		0	0	3	16.8		
	13.39	16.1			3.1	13.3		0	3	5	17.9		
	14.6	16			5.2	11.7		0	5.5	7.5	19.1		
	15.7	14.7			7.6	11.3		0	8.3	10.1	20.7		
	16.67	13.1			10	9.5		0	10.7	12.8	22.2		
	17.56	11.7			12.2	7.7		0	12.4	15.1	23.8		
	18.21	9.4			14.1	6.1		0	14.3	17	25.4		
	18.82	6.8			15.8	0.6		0	15.8	18.7	26.9		
	19.35	4.1			17.2	0		0	17.2	20.3	27.9		
	19.85	2			18	0		0	19	21.8	28.2		
	20.32	0.2			18.2	0		0	20.8	23.2	28.9		
	20.83	0			17.8	0		0	22	24.7	29.7		
	21.28	0			17.2	0		0	22.7	26	30.8		
	21.58	0			16.7	0		0	24.7	27.3	32		
	21.72	0			16.6	0		0	25.2	28.5	32.3		
	21.78	0			17.1	0		0	27	29.2	32		
	21.74	0			18.1	0		0	28	29.2	31.5		
	21.76	0			19.3	0		0	29	29	30.9		
	21.98	0			20.6	0		0	30.1	28.7	28.7		
	22.22	0			21.9	0		0	30.9	28.7	26.6		
	22.4	0			23	0		0	31.4	29.1	25.1		
	22.51	0			24	0		0	31.5	30.1	23.9		
	22.33	0			24.8	0		0	31.3	31.2	22.6		
	21.97	0			25.5	0		0	32.7	32.4	20.6		
	21.56	0			26.1	0		0	31.5	33	18.6		
	21.31	0			26.6	0		0	30.6	32.7	16.6		
	21.21	0			26.8	0		0	31	31.3	14.6		
	21.17	0			27	0		0	31.4	29.2	12.6		
	21.08	0			26.8	0		0	32.5	26.2	10.6		
	20.89	0			26.3	0		0	32.5	23.2	8.6		
	20.81	0.2			25.7	0		0	32.5	20.5	6.6		
	20.37	2.3			25.2	0		0	31.7	18	5.7		
	19.77	3.3			25	0		0	29.3	16.1	3.9		
	19.38	4.1			24.9	0		0	30.9	14.8	2.4		
	17.39	5.9			25.1	0		0	31	14.1	1.8		
	14.27	8.6			25.3	0		0	31.7	14.3	0.4		
	10.34	11.3			25.4	0		0	32.1	15.3	0		
	6.46	15.5			25.6	0		0	32.3	17.2	0		
	3.56	17			25.8	0		0	32.4	19.2	0		
	1.75	18.2			26.2	0		0	31.1	21.7	0		
	0.45	20.1			26.8	0		0	30.9	24.2	0		
	0	22.8			27.4	0		0	27.8	26.7	0		
	0	24.1			27.9	0		0	26	29.1	0		
	0	25.3			28.1	0		0	22.3	31.2	0		
	0	25			28.1	0		0	19.1	33	0.2		
	0	23.8			28	0.9		0	15.5	34.5	0.6		
	0	22.5			27.9	3.3		0	13.5	35.5	2.1		
	0	21.2			28	5.2		0	5.3	36	3.4		
	0	19.3			28.2	8.8		0	1.7	36	4.6		
	0	17.4			28.4	11.3		0	0	35.5	5.9		
	0	14			28.4	11.6		0	0	34.7	7.3		
	0	9.6			28.2	12.4		0	0	33.9	8.8		
	0	6.8			27.7	13.2		0	0	33.5	10.5		
	0.23	4.2			26.7	12.4		0	0	33.5	12.6		
	0.88	1.7			25.4	11.7		0	0	33.7	15.1		
	1.82	0.1			23.6	11.8		0	0	33.7	16.3		
	2.83	0			21.4	11.2		0	0	33.7	16		
	4.25	0			18.8	9.8		0	0	33.2	15.5		
	5.76	0			16	8.5		0	0	32.5	15.7		
	6.99	0			13.5	3.7		0	0	31.2	16.4		
	7.92	0			11.5	1.9		0	0	29.7	17.4		
	8.86	0			10.4	2.6		0	0	28.2	18.8		
	9.77	0			10.1	2.7		0	0	27.1	20.2		
	10.57	0			10.5	1.7		0	0	26.3	21.7		
	11.28	0			11.3	2.9		0	0	26.5	23.1		
	12.01	0			12.1	2.3		0	0	27.7	24.4		
	12.61	0			12.7	4.5		0	0	29.5	25.7		
	13.15	0			13	5.3		0	0	31.7	26.6		
	13.76	0			13.1	6.2		0	0	34.2	27.4		
	14.4	0			13.1	7		0	0	36.2	27.4		
	15.05	0			13	9.6		0	0	37.7	26.7		
	15.6	0			13	11.8		0	0	38.2	26.8		
	16.06	0			12.8	13.3		0	0	38.2	26.9		
	16.53	0			12.4	13.6		0	0	37.9	27.5		
	16.94	0.6			11.7	13.7		0	0	36.9	28.1		
	17.38	2.4			10.7	12.8		0	0	35.9	28.7		
	17.66	4.8			9.6	11.9		0	0.8	35	29.4		
	17.92	7.5			8.2	11.6		0	2.4	34	30.1		
	18.19	10			6.7	11.1		0	5.5	32.9	30.8		
	18.39	11.9			5.2	11.1		0	7.6	32	31.5		
	18.55	13.2			3.9	11.4		0	9.3	31.3	32		
	18.65	14.1			2.8	10.8		0	10.8	30.5	32.4		
	18.82	13.8			2.1	10.2		0	14.2	29.1	32.8		
	19	13.3			1.7	9.7		0	15.4	27.2	33		
	19.18	12.7			1.4	9.3		0	16.3	25	33		
	19.36	11.6			1	9.3		0	18.7	21.8	32.3		
	19.58	9.5			0.6	9.5		0	20.5	18.3	31.2		
	19.7	7.2			0.2	9.3		0	21.9	14.8	30.2		
	19.88	4.1			0	8.8		0	23.4	11	29.2		
	20.01	2.1			0	8.2		0	24.2	7.5	28.2		
	20.22	1.3			0	6.9		0	25.2	4.5	27.1		
	20.24	1.1			0	2.8		0	26.3	2.4	26		
	20.07	1.5			0	1.3		0	27.5	1	24		
	19.63	2.3			0	0.6		0	27.7	0.3	22		
	19.38	3			0	0		0	27.1	0	20		
	18.98	4.5			0	0		0	26.5	0	18		
	18.59	6.2			0	0			23.3	0	16		
	17.09	7.5			0	0			18.3	0	14		
	13.42	8.4			0	0			13.8	0	12		
	9.12	8.3			0	0			8.9	0	10		
	4.98	8.4			0	0			4.3	0	8		
	1.22	8.6			0	0			0.9	0	6		
	0.1	8.8			0	0			0	0	4		
	0	8.6			0	1.4			0	0	2		
	0	7			0	3.3			0	0	0.1		
	0	6.5			0	3.6			0	0	0.1		
	0	6.5			0	4.1			0	0	0		
	0	6.8			0	5			0	0	0		
	0	5.4			0	5.7			0	0	0		
	0	3.8			0	5.7			0	0	0		
	0	4.1			0	5.5			0	0	0		
	0	3.9			0	5.9			0	0	0		
	0	4			0	7.7			0	0	0		
	0	4.3			0	10			0	0	0.1		
	0	4.2			0	11.4			0	0.1	1.8		
	0.13	2.4			0	13.5			0	0.6	3.6		
	0.2	0.8			0	15.1			0	1.6	5.2		
	0.31	0.4			0	16.1			0	2.7	6.9		
	0.43	0			0	17.4			0	3.9	8.7		
	0.55	0			0	18			0	5	9		
	1.54	0			0	19			0	5.8	9		
	3.46	0			0	19.2			0	6.3	8.4		
	5.77	0			0	18.3			1.4	6.6	7.8		
	7.98	0			0	16.7			4.2	7.1	7.3		
	10.12	0			0	14.9			6.1	8	7		
	11.35	0			0	11			6.4	9.1	7.5		
	11.05	0			0	8.4			6.1	10.6	8.5		
	10.19	0			0	5.1			5.8	12.1	9.6		
	9.59	0			0	5.1			5.1	14.1	9.2		
	8.26	0			0	1.4			5.2	16	9.4		
	5.97	0			0	0.6			3.8	17.7	10.2		
	4.03	0			0	0			3.7	19.2	11.2		
	1.31	0			0	0			4.9	20.6	12.3		
	0.13	0			0	0			4.5	21.5	13.2		
	0	0			0	0			5.8	22	14.1		
	0	0			0	0			7.4	22.2	15.3		
	0	0			0	0			11	22.1	16.6		
	0	1			0	0			12.4	21.8	16.8		
	0	2.6			0	0.1			14	21.2	16.7		
	0	4.2			0	1.9			14.4	20.2	16.8		
	0	7.4			0	3.3			16.3	18.8	17.6		
	0	10.5			0	4.7			17.8	17.5	18.5		
	0	12.4			0	5.6			19	15.6	19.7		
	0	14.1			0	7.4			20	13.6	20.7		
	0	15.3			0	9.6			23	11.3	21.5		
	0	16.4			0	11.7			21.9	9	22.3		
	0.17	18.9			0	13.4			23.1	6.4	22.4		
	0.4	21.1			0	15.1			24	4.4	22.8		
	1.01	22.3			0	16.8			25.8	3.5	23		
	1.89	23.3			0	18			27	3.9	23.6		
	2.87	24.2			0	17.5			27.5	5.3	24		
	3.95	23.3			0	18.1			28.3	7.3	24.3		
	5.15	22.1			0	17.8			29.6	9.1	24.6		
	6.31	20.2			0	16.4			29.4	10.5	25		
	7.41	18.2			0	15.2			30.2	11.3	25.7		
	8.53	15.5			0	13.9			30.7	11.6	26.3		
	9.51	12.7			0	12.7			31.2	11.5	26.7		
	10.42	7.1			0	10			31.7	11.1	26.5		
	11.22	2.2			0	5.8			32.7	10.6	26		
	11.92	0.2			0	4.2			33	10.1	25.8		
	12.65	0			0	1.6			32.1	9.5	26.1		
	13.5	0			0	0.6			32.6	9.3	26.6		
	14.29	0			0	0			32.9	9.6	27.3		
	14.98	0			0	0			32.8	10.1	28.2		
	15.5	0			0	0			33.6	10.8	29.1		
	15.68	0			0	0			33.9	11.8	29.9		
	15.8	0			0	0			34.1	12.8	30.5		
	16.06	0			0	0			34.6	13.6	31.2		
	16.43	0			0	0			34.5	13.8	31.7		
	16.74	0			0	0			34.8	13.8	32		
	16.9	0			0	0			35.3	13.1	32.2		
	17.11	0			0	0			35.3	12	32.4		
	17.26	0			0	0			34.9	10.3	32.8		
	17.23	0			0	0			34.6	8.5	32.8		
	17.3	0			0	1.6			34.5	6.4	32.8		
	17.29	0			0	2.9			34.3	4.5	33.1		
	17.57	0			0	4.6			33.2	2.7	33.2		
	17.85	0			0	7.3			32.3	1.2	33.6		
	18.04	1.3			0	10.1			27.9	0.6	33.9		
	18.01	2.4			0	10.5			22.8	0.2	34		
	17.86	3.6			0	11.5			18.5	0	33.9		
	17.48	5.4			0	10.7			14.7	0	33.7		
	17.17	6.7			0	9.5			10.9	0	33.5		
	16.9	7.9			0	8.8			7.6	0	33.2		
	16.58	9			0	7.8			4.7	0	33		
	16.65	10			0	6.3			5.4	0	32.9		
	16.97	10.7			0	5			5.9	0	32		
	16.99	11.5			0	3.9			7.7	0	31.4		
	16.79	11.8			0	3.5			9.8	0	31.3		
	16.62	12.5			0	4.7			10.3	0	31.2		
	16.35	12.9			0	4.9			10.6	0	31.1		
	16.01	13.7			0	4.4			10.5	0	31.1		
	15.31	14.1			0	3.2			9.4	0.4	31.1		
	15.05	14.5			0	2.4			7.2	1.3	31		
	13.83	14.8			0	1.9			4.5	2.7	31		
	10.88	15			0	0.9			1.9	4.6	31.6		
	8.28	15.3			0	0.6			0	6.8	32.3		
	5.36	15.5			0	0.1			0	8.6	33.2		
	1.65	15.7			0	0			0	10.1	34.1		
	0.25	15.7			0	0			0	11	35		
	1.47	15.2			0.7	0			0	11.3	35.4		
	4.11	15.6			1.8	0			0	11.8	35.8		
	6.94	15.5			3.4	0			0	12.6	35.2		
	8.51	15.6			5.3	0			0	13.6	34.2		
	8.57	15.4			7.1	0			0	15.1	33.2		
	8.54	14.7			8.7	0			2	16.8	32.2		
	9.21	15.2			9.9	0			4	18.6	30.7		
	9.94	15.3			10.9	0			6.7	20.1	29		
	10.31	15.3			11.9	0			9	20.8	27		
	10.02	15.3			13	0			9.5	20.8	25		
	9.11	15.3			14.3	0			11.6	20.2	23		
	7.69	15.3			15.5	0			14.5	19.3	21		
	5.98	15.2			16.6	0			16.6	18.2	19		
	2.97	15.3			17.4	0			18.8	17.3	17		
	0.6	15.4			17.8	0			20.6	16.8	15		
	0	15.1			18.1	0			22.7	16.7	13		
	0	15.5			18.3	0			24.2	16.7	11		
	0	16			18.5	0			26.2	17.1	9		
	0	16.4			18.8	0			27.3	17.3	7		
	0	17			19.3	0			28.1	17.7	5		
	0	16.8			19.7	0			28.5	17.8	3		
	0	17.4			20.1	0			28.4	17.5	1.5		
	0	17.9			20.4	0			29.1	16.3	1.2		
	0	16.8			20.4	0			29.5	14.5	1.5		
	0	15.4			20.1	0			29.2	11.8	2.7		
	0	13.6			19.4	0			28.4	8.8	4.3		
	0	11.2			18.2	0.1			28.4	5.9	5.7		
	0.16	8.3			16.7	0.9			28.8	3.4	6.9		
	1.25	4.9			15	1.6			29.9	1.6	8.1		
	3.46	1.6			13.1	2.6			30	0.5	9.1		
	6.08	0.1			11	4.2			29.5	0.1	9.7		
	8.79	0			8.6	5.4			29.7	0	9.7		
	11.36	0			6.2	6.5			30	0	7.6		
	13.7	0			4	8.1			30.4	0	5.5		
	15.25	0			2.1	9.4			31	0	1.5		
	16.23	0			0.8	8.6			30.6	0	1.7		
	17.14	0			0.1	11			29.5	0	1.7		
	17.99	0			0	12.3			27.7	0	0.4		
	18.77	0			0	12.3			25.3	0	1.7		
	19.43	0			0	11.6			20.7	0	2.9		
	20.06	0			0	10.5			15.6	0	3.4		
	20.65	0			0	9.7			11.9	0	3.8		
	21.22	0			0	8.7			6.9	0	3.7		
	21.79	0			0	5.8			2.3	0	3.4		
	22.18	0			0	1.5			0	0.3	2.9		
	22.54	0			0.4	0.6			0	0.8	2.6		
	22.85	0			1.1	0			0	1.2	2.7		
	23.15	0			2.2	0.9			1.8	2	2.6		
	23.4	0			3.6	2.1			3.7	3.5	2.5		
	23.59	0			5.4	3			5.5	4.6	2.3		
	23.29	0.3			7.3	3.8			7.4	5.6	1.8		
	22.34	0.6			9.2	4.4			9.3	6.3	1.8		
	21.37	2.8			11	5.7			11.1	6	0		
	20.65	4.9			12.9	6.5			13.6	4.8	0		
	19.82	7.1			14.7	6.8			15.5	3.2	0		
	17.07	11.7			16.5	6			17.3	1.7	0		
	13.53	13.4			18.3	6.5			19.2	0.8	0		
	11.36	14.9			20.2	7.8			22.9	0.2	0		
	9.65	17.7			22.1	9.1			25.4	0	0		
	7.88	20.1			24.1	10.5			28.5	0	0		
	6.46	20.6			25.8	11.9			31	0	0		
	6.55	20.9			27.2	12.8			32.3	0	0		
	7.56	21.4			28.1	13.6			32.3	0	0		
	9.01	23.5			28.6	13.7			31.6	0	0		
	10.8	24			28.4	12.9			32.3	0	0		
	12.63	24.3			27.5	13.3			32.3	0	0		
	14.25	23.9			26.1	13.9			29.8	0	0		
	15.8	23.5			24.2	15.4			28.5	0	0		
	16.99	22			22	16.2			25.4	0.3	0		
	17.77	19.4			20	16.7			21.7	0.6	0		
	18.67	17.1			18.3	16.4			18.6	1	0		
	19.26	14.7			17.2	15.1			15.5	1.2	0		
	19.97	10.1			16.5	14.4			12.4	1.6	0		
	20.79	6.4			16.1	14.4			9.3	1.7	0		
	21.4	4.7			15.8	15.6			6.2	2	0		
	20.87	3.3			15.7	15.6			3.1	2.2	0		
	19.66	2.2			15.8	15.5			0.6	2.2	0		
	18.68	1.1			16	14.9			0	2.2	0		
	16.35	0.1			16.5	13.4			0	2.2	0		
	13.31	0			17.1	11.7			0	2	0		
	10.06	0			17.9	8.8			0	2.4	0		
	6.34	0			18.8	8.3			0	3.5	0		
	1.74	0			19.8	8.1			0	5.1	0		
	0.45	0			21.1	6.5			0	7.3	0		
	2.93	0			22.5	2.1			0	9.8	0		
	6.63	0			23.6	0.6			0	12.3	0		
	9.72	0			24.3	0			0	14.1	0		
	12.47	0			24.5	0			0	15	0		
	15.07	0			23.8	0			0	14.6	0		
	17.29	0			22.5	0			0	13.8	0		
	19.06	0			20.5	0			0	12.6	0		
	20.59	0			18.2	0			0	11.1	0		
	20.8	0			15.5	0			0	9.8	0		
	18.46	0			12.6	0			0	8.8	0		
	15.56	0			9.7	0			0	7.9	0		
	12.47	0			7.1	0			0	7	0		
	8.84	0			5	0			0	6.3	0		
	5.57	0			3.6	0			0	5.5	0		
	2.71	0			2.9	0			4.1	4.9	0		
	0.6	1.7			2.9	0			7.2	4	0		
	0	4			3.5	0			8.8	3.2	0		
	0	5.9			4.4	0			11.6	2.2	0		
	0	7.3			5.6	0			13.4	1.2	0		
	0	7.7			7.2	0			14.4	0.6	0		
	0	8.1			9.4	0			15.3	0.2	0		
	0	8.8			12.1	0			16.1	0	0		
	0	9.5			14.9	0			16.4	0	0		
	0	11.2			17.6	0			17.2	0	0		
	0	11.3			19.8	0			18.4	0	0		
	0	11.5			21.2	0			18.1	0	0		
	0	10.9			21.6	0			18	0	0		
	0	10.4			21.4	0			19.1	0	0		
	0.24	11			20.4	0			18.9	0			
	1.6	11.5			18.6	0			19.2	0			
	3.96	11.9			16.1	0			19	0			
	6.67	12.5			13.2	0			20.1	0			
	9.33	12.3			10.3	0			20.5	0			
	12.01	11.5			7.6	0			19.7	0			
	14.38	11.3			5.6	0			19.9	0			
	16.13	11.5			4.4	0			20.1	0			
	17.43	11.9			4.2	0			19.7	0			
	18.54	11.2			4.7	0			19.6	0			
	19.34	11			5.7	0			19.4	0			
	20.04	11.1			6.8	0			19.3	0			
	20.64	11.8			7.9	0			19.5	0			
	21.23	12.7			8.7	0			20.1	0			
	21.79	13.1			9.3	0			20.4	0			
	22.34	12.4			9.7	0			20.4	0			
	22.75	9.7			10.2	0			20.8	0			
	23.26	6.2			11	0			20.9	0			
	23.65	3.5			12.1	0			21.7	0			
	24.07	1.1			13.6	0			20.7	0			
	24.37	0.3			15.3	2.9			22.7	0			
	24.37	0			17.2	5.9			23.4	0			
	24.2	0			19	7.1			21.9	0			
	24.05	0			21.1	7.8			23.9	0			
	23.91	0			23.3	9.2			21.9				
	23.88	0			25.7	10.8			23.7				
	23.81	0			28.1	11.7			24.1				
	23.74	0			30.5	12.7			24.1				
	23.59	0			32.6	13.5			24.1				
	23.41	0			34.2	14.1			23.7				
	23.32	0			35.5	15			22.7				
	22.78	0			36.6	16.4			20.5				
	21.64	0			37.6	18.3			18.7				
	20.73	0			38.7	18.7			19.4				
	18.14	0			39.9	18.6			18				
	14.96	0			41.2	17.8			17.4				
	13.98	0			42.5	17.7			19.6				
	14.01	0			43.6	17.4			16.2				
	14.57	0			44.6	17.9			14.2				
	15	0			45.3	18.5			12.2				
	15.06	0			46	19			10				
	15.86	1.6			46.6	19.4			7.6				
	16.96	3.5			47.1	19.8			5				
	18.2	5.4			47.5	19.8			2.1				
	19.17	8.1			47.5	18.8			0				
	19.65	11			47	17.7			0				
	19.86	14.3			45.5	16.8			0				
	20.4	16.7			42.9	15.7			0				
	21.08	18			39.3	14.9			0				
	21.28	19.1			35.1	12.6			0				
	21.25	21.1			30.6	10.3			0				
	21.52	22.8			26.2	9.1			0				
	21.75	23.4			22.1	8.7			0				
	21.8	23.8			18.3	8			0				
	21.86	22.4			14.5	4.5			0				
	21.99	20.7			10.8	1.4			4.1				
	21.92	18.9			7.3	0.6			7.2				
	22.04	16.2			4.4	0			8.8				
	22.24	14.6			2.3	0			11.6				
	22.4	13.1			0.9	0			13.4				
	22.52	9.9			0.2	0			14.4				
	22.63	6.3			0	0			15.3				
	22.77	4.2			0	0			16.1				
	22.9	2.2			0	0			16.4				
	22.99	1.1			0	0			17.2				
	23.17	0.1			0	1.4			18.4				
	23.43	0			0	2.3			18.1				
	23.69	0			0	5.1			18				
	23.68	0			0	7			19.1				
	23.65	0			0	7.5			18.9				
	23.62	0			0	9.2			19.2				
	23.73	0			0	10.5			19				
	23.92	0			0	9.5			20.1				
	24.08	0			0	10.8			20.5				
	24.2	0			0	12			19.7				
	24.39	0			0	13.1			19.9				
	24.57	0			0	12.4			20.1				
	24.72	0			0	11.7			19.7				
	24.9	0			0	10.4			19.6				
	25.17	0			0	5.8			19.4				
	25.43	0			0	3.1			19.3				
	25.61	0			0	0			19.5				
	25.6	0			0	0.1			20.1				
	25.55	0			0	0			20.4				
	25.44	0			0	0			20.4				
	25.38	0			0	0			20.8				
	25.27	1.5			0.6	0			20.9				
	25.18	3.3			1.8	0			21.7				
	24.67	4.9			3.7	0			20.7				
	24.29	6.8			6	0			22.7				
	23.94	8.6			8.4	0			23.4				
	22.08	10.3			10.6	0			21.9				
	20.04	11.6			12.3	0			23.9				
	17.26	11.8			13.5	0			21.9				
	13.73	11.8			14.5	0			23.7				
	9.7	11.6			15.4	0			24.1				
	6.77	11.3			16.3	0			24.1				
	3.46	11.5			17.1	0			24.1				
	0.66	11.6			17.6	0.1			23.7				
	0.1	11.8			17.5	4			22.7				
	0	9.1			16.6	8.3			20.5				
	0	6.2			14.9	7.8			18.7				
	0	4.1			12.9	7			19.4				
	0	2.9			11	6.5			18				
	0	3.6			9.9	6.3			17.4				
	0	4.6			9.6	7.2			19.6				
	0	5.5			10.3	10.1			16.2				
	0	4.5			11.7	11.6			14.2				
	0	2.2			13.4	12.1			12.2				
	0	1.5			15.2	12.4			10				
	0	1.8			16.8	11			7.6				
	0	3.1			17.9	9.5			5				
	0.42	4.7			18.2	7.7			2.1				
	1.7	5.9			17.3	4.7			0				
	3.2	8.4			15.4	2.9			0				
	4.84	9.6			12.5	1			0				
	6.78	10.8			9.2	0.6			0				
	8.67	11			5.8	0			0				
	10.52	10.7			3.2	0			0				
	12.18	10.6			1.4	0			0				
	13.62	10.5			0.5	0			0				
	15.04	10.3			0.1	0			0				
	16.42	10.1			0	0			0				
	17.57	10.2			0	0			0				
	18.59	9.3			0	0			0				
	19.44	7.8			0	0			0				
	19.78	6.7			0	0			0				
	20.05	7.2			0	0			2.5				
	20.49	8.2			0	0.8			5.7				
	20.86	9.5			0	0			9.1				
	21.05	10.8			0	0			12.3				
	21.51	11.9			0	0			15				
	21.92	12.7			0	0.1			17.5				
	22.03	13.4			0	0.3			19.7				
	22.16	14.1			0	1.4			21.4				
	22.16	13.2			0	1.5			23.2				
	22.16	13.4			0	1.6			24.9				
	22.24	13			0	0.7			26.6				
	22.44	10.8			0	0			28.4				
	22.81	7.7				0			28.7				
	23.03	4.4				0			28				
	23.42	1.8				0			28.2				
	23.81	2.1				0			28.4				
	24.1	2.8				0			28.3				
	24.03	2.2				0			28.4				
	24.09	0.8				0			28.7				
	24.37	0.1				0			28.3				
	24.62	0				0			28				
	25.22	0				0			27.7				
	26.08	0				0			28.7				
	26.3	0				0			29.7				
	25.89	0				0			30				
	25.56	0				0			30.8				
	25.16	0				0			30.5				
	24.92	0				0			30.1				
	24.97	0				0			30.5				
	24.85	0				0			30.2				
	24.99	0				0			31.2				
	25.25	0				0			30.9				
	25.47	0				0			30.2				
	25.43	0				0			29.5				
	25.46	0				0			27.2				
	25.59	0				0			25				
	25.85	0				0			22.5				
	26.04	0				0			23.6				
	26.21	0				0.6			21.1				
	26.4	0				1.1			19.9				
	26.52	1.3				1.4			17.2				
	26.63	2.7				1.6			14.4				
	26.58	6.8				3.2			12.4				
	26.38	9.5				5			8.1				
	26.17	11.9				7.7			5				
	25.91	15.9				10.1			2				
	25.59	19.3				12.1			0				
	25.31	21				13.2			0				
	25.04	22.5				14.3			0				
	24.61	24.2				16.1			0				
	24.25	24.2				17.3			0				
	23.84	22.8				16.2			0				
	22.15	21.3				14.2			0				
	19.7	19.6				13.6			0				
	17.01	17.9				12.3			0				
	13.69	14.1				10.7			0				
	10.22	9.1				8.1			0				
	6.8	6.8				7			0				
	4.38	4.8				4.1			2.5				
	2.9	2.5				1.8			5.7				
	1.07	0.2				3.1			9.1				
	0.13	0				1.9			12.3				
	0	0				0.6			15				
	0	0				0			17.5				
	0	0				0			19.7				
	0	0				0			21.4				
	0	0				0			23.2				
	0	0				0			24.9				
	0	0				0			26.6				
	0	0				0			28.4				
	0	0				0			28.7				
	0	0				0			28				
	0	0				0			28.2				
	0	0				0			28.4				
	0	0				0			28.3				
	0	0				0			28.4				
	0	0				0			28.7				
	0	0				0			28.3				
	0	0				0			28				
	0	0				0			27.7				
	0	1.6				0			28.7				
	0	2.7				0			29.7				
		3				0			30				
		3.8							30.8				
		5.1							30.5				
		7							30.1				
		8.4							30.5				
		9.9							30.2				
		11.3							31.2				
		13							30.9				
		14.5							30.2				
		15.5							29.5				
		16.6							27.2				
		17.5							25				
		17.1							22.5				
		17.9							23.6				
		16.8							21.1				
		16.4							19.9				
		16.1							17.2				
		16.4							14.4				
		16.4							12.4				
		16.1							8.1				
		16							5				
		14.7							2				
		13.1							0				
		11.7							0				
		9.4							0				
		6.8							0				
		4.1							0				
		2							0				
		0.2							0				
		0							0				
		0							0				
		0							0				
		0							0				
		0							0				
		0							0				
		0							0				
		0							0				
		0							0				
		0							0				
		0							0				
		0							0				
		0							0				
		0							0				
		0							0				
		0							0				
		0							0				
		0							0				
		0							0				
		0.2							0				
		2.3							0				
		3.3							0				
		4.1							0				
		5.9							0				
		8.6							0				
		11.3							0				
		15.5											
		17											
		18.2											
		20.1											
		22.8											
		24.1											
		25.3											
		25											
		23.8											
		22.5											
		21.2											
		19.3											
		17.4											
		14											
		9.6											
		6.8											
		4.2											
		1.7											
		0.1											
		0											
		0											
		0											
		0											
		0											
		0											
		0											
		0											
		0											
		0											
		0											
		0											
		0											
		0											
		0											
		0											
		0											
		0											
		0.6											
		2.4											
		4.8											
		7.5											
		10											
		11.9											
		13.2											
		14.1											
		13.8											
		13.3											
		12.7											
		11.6											
		9.5											
		7.2											
		4.1											
		2.1											
		1.3											
		1.1											
		1.5											
		2.3											
		3											
		4.5											
		6.2											
		7.5											
		8.4											
		8.3											
		8.4											
		8.6											
		8.8											
		8.6											
		7											
		6.5											
		6.5											
		6.8											
		5.4											
		3.8											
		4.1											
		3.9											
		4											
		4.3											
		4.2											
		2.4											
		0.8											
		0.4											
		0											
		0											
		0											
		0											
		0											
		0											
		0											
		0											
		0											
		0											
		0											
		0											
		0											
		0											
		0											
		0											
		0											
		0											
		0											
		1											
		2.6											
		4.2											
		7.4											
		10.5											
		12.4											
		14.1											
		15.3											
		16.4											
		18.9											
		21.1											
		22.3											
		23.3											
		24.2											
		23.3											
		22.1											
		20.2											
		18.2											
		15.5											
		12.7											
		7.1											
		2.2											
		0.2											
		0											
		0											
		0											
		0											
		0											
		0											
		0											
		0											
		0											
		0											
		0											
		0											
		0											
		0											
		0											
		0											
		0											
		0											
		1.3											
		2.4											
		3.6											
		5.4											
		6.7											
		7.9											
		9											
		10											
		10.7											
		11.5											
		11.8											
		12.5											
		12.9											
		13.7											
		14.1											
		14.5											
		14.8											
		15											
		15.3											
		15.5											
		15.7											
		15.7											
		15.2											
		15.6											
		15.5											
		15.6											
		15.4											
		14.7											
		15.2											
		15.3											
		15.3											
		15.3											
		15.3											
		15.3											
		15.2											
		15.3											
		15.4											
		15.1											
		15.5											
		16											
		16.4											
		17											
		16.8											
		17.4											
		17.9											
		16.8											
		15.4											
		13.6											
		11.2											
		8.3											
		4.9											
		1.6											
		0.1											
		0											
		0											
		0											
		0											
		0											
		0											
		0											
		0											
		0											
		0											
		0											
		0											
		0											
		0											
		0											
		0											
		0											
		0											
		0											
		0											
